product_id,product_title,product_category_leaf_id,product_category_top_id,product_category_breadcrumb,product_brand,product_model_number,product_price_currency,product_price_min,product_price_max,product_moq,product_unit,product_sales_volume_text,product_sku_ids,product_default_sku_id,seller_company_id,seller_company_name,seller_business_type,seller_register_country,seller_years_on_platform,seller_average_rating,seller_total_reviewed_orders,seller_trade_assurance_enabled,seller_on_time_delivery_rate,review_source,review_id,reviewer_name,reviewer_country,review_rating,review_title,review_text,review_date,review_verified_purchase,review_repeat_buyer,review_helpful_votes,review_total_votes,review_price_at_review,review_currency,review_variant,review_images_count,data_source,scraped_at
WATGW3ZY7YKSXVPK,Casado Branded Bracelet | Gold Plated | Diamond Studded | 3D Cut Glass | Day and Date Branded Bracelet | Gold Plated | Diamond Studded | 3D Cut Glass | Day and Date Analog Watch  - For Men,,,watch,Casado,,INR,389,389,,,,LSTWATGW3ZY7YKSXVPKZN5VLE,LSTWATGW3ZY7YKSXVPKZN5VLE,,ANALOGUE INDIA,,,,,,,,customer_review,REV-001,Manish  Yadav,Mumbai,4.0,Value-for-money,Very nice 🙂 product,"May, 2024",True,,14,6,,,Dial Color GOLD632 • Strap Color GOLD632A,1,flipkart.com,2026-08-16T05:38:29+06:00
WATGW3ZY7YKSXVPK,Casado Branded Bracelet | Gold Plated | Diamond Studded | 3D Cut Glass | Day and Date Branded Bracelet | Gold Plated | Diamond Studded | 3D Cut Glass | Day and Date Analog Watch  - For Men,,,watch,Casado,,INR,389,389,,,,LSTWATGW3ZY7YKSXVPKZN5VLE,LSTWATGW3ZY7YKSXVPKZN5VLE,,ANALOGUE INDIA,,,,,,,,customer_review,REV-002,Gurva Dhaliwal,Moga District,4.0,Good choice,So beautiful,"Mar, 2024",True,,4,2,,,Dial Color GOLD632 • Strap Color GOLD632A,,flipkart.com,2026-08-16T05:38:29+06:00
WATGW3ZY7YKSXVPK,Casado Branded Bracelet | Gold Plated | Diamond Studded | 3D Cut Glass | Day and Date Branded Bracelet | Gold Plated | Diamond Studded | 3D Cut Glass | Day and Date Analog Watch  - For Men,,,watch,Casado,,INR,389,389,,,,LSTWATGW3ZY7YKSXVPKZN5VLE,LSTWATGW3ZY7YKSXVPKZN5VLE,,ANALOGUE INDIA,,,,,,,,customer_review,REV-003,Sarpanna. H Sarpa,Bellary District,3.0,Just okay,It's very poor product,"Jul, 2024",True,,2,,,,Dial Color GOLD632 • Strap Color GOLD632A,,flipkart.com,2026-08-16T05:38:29+06:00
WATGW3ZY7YKSXVPK,Casado Branded Bracelet | Gold Plated | Diamond Studded | 3D Cut Glass | Day and Date Branded Bracelet | Gold Plated | Diamond Studded | 3D Cut Glass | Day and Date Analog Watch  - For Men,,,watch,Casado,,INR,389,389,,,,LSTWATGW3ZY7YKSXVPKZN5VLE,LSTWATGW3ZY7YKSXVPKZN5VLE,,ANALOGUE INDIA,,,,,,,,customer_review,REV-004,RUDESH  CHAUDHARY,Chennai,5.0,Terrific,Beautiful whitch,11 months ago,True,,1,,,,Dial Color GOLD632 • Strap Color GOLD632A,,flipkart.com,2026-08-16T05:38:29+06:00
WATGW3ZY7YKSXVPK,Casado Branded Bracelet | Gold Plated | Diamond Studded | 3D Cut Glass | Day and Date Branded Bracelet | Gold Plated | Diamond Studded | 3D Cut Glass | Day and Date Analog Watch  - For Men,,,watch,Casado,,INR,389,389,,,,LSTWATGW3ZY7YKSXVPKZN5VLE,LSTWATGW3ZY7YKSXVPKZN5VLE,,ANALOGUE INDIA,,,,,,,,customer_review,REV-005,Sulendra Kumar,Satna,5.0,Must buy!,Best product,1 month ago,True,,0,,,,Dial Color GOLD632 • Strap Color GOLD632A,,flipkart.com,2026-08-16T05:38:29+06:00
WATGW3ZY7YKSXVPK,Casado Branded Bracelet | Gold Plated | Diamond Studded | 3D Cut Glass | Day and Date Branded Bracelet | Gold Plated | Diamond Studded | 3D Cut Glass | Day and Date Analog Watch  - For Men,,,watch,Casado,,INR,389,389,,,,LSTWATGW3ZY7YKSXVPKZN5VLE,LSTWATGW3ZY7YKSXVPKZN5VLE,,ANALOGUE INDIA,,,,,,,,customer_review,REV-006,Flipkart Customer,Khordha,1.0,Worthless,"I had purchased this watch 10 days ago, that colour had faded, why are u selling this third quality product, wastage of money.",1 month ago,True,,0,,,,Dial Color GOLD632 • Strap Color GOLD632A,,flipkart.com,2026-08-16T05:38:29+06:00
WATGW3ZY7YKSXVPK,Casado Branded Bracelet | Gold Plated | Diamond Studded | 3D Cut Glass | Day and Date Branded Bracelet | Gold Plated | Diamond Studded | 3D Cut Glass | Day and Date Analog Watch  - For Men,,,watch,Casado,,INR,389,389,,,,LSTWATGW3ZY7YKSXVPKZN5VLE,LSTWATGW3ZY7YKSXVPKZN5VLE,,ANALOGUE INDIA,,,,,,,,customer_review,REV-007,Flipkart Customer,Bulandshahr,1.0,Horrible,Watch lock is not good,2 months ago,True,,0,,,,Dial Color GOLD632 • Strap Color GOLD632A,,flipkart.com,2026-08-16T05:38:29+06:00
WATGW3ZY7YKSXVPK,Casado Branded Bracelet | Gold Plated | Diamond Studded | 3D Cut Glass | Day and Date Branded Bracelet | Gold Plated | Diamond Studded | 3D Cut Glass | Day and Date Analog Watch  - For Men,,,watch,Casado,,INR,389,389,,,,LSTWATGW3ZY7YKSXVPKZN5VLE,LSTWATGW3ZY7YKSXVPKZN5VLE,,ANALOGUE INDIA,,,,,,,,customer_review,REV-008,Flipkart Customer,Tiruppur,1.0,Very poor,Chain lock not fitings I am not satisfact this,3 months ago,True,,0,,,,Dial Color GOLD632 • Strap Color GOLD632A,,flipkart.com,2026-08-16T05:38:29+06:00
WATGW3ZY7YKSXVPK,Casado Branded Bracelet | Gold Plated | Diamond Studded | 3D Cut Glass | Day and Date Branded Bracelet | Gold Plated | Diamond Studded | 3D Cut Glass | Day and Date Analog Watch  - For Men,,,watch,Casado,,INR,389,389,,,,LSTWATGW3ZY7YKSXVPKZN5VLE,LSTWATGW3ZY7YKSXVPKZN5VLE,,ANALOGUE INDIA,,,,,,,,customer_review,REV-009,Rahul Rajput,Lucknow,5.0,Highly recommended,Very good product,4 months ago,True,,0,,,,Dial Color GOLD632 • Strap Color GOLD632A,2,flipkart.com,2026-08-16T05:38:29+06:00
WATGW3ZY7YKSXVPK,Casado Branded Bracelet | Gold Plated | Diamond Studded | 3D Cut Glass | Day and Date Branded Bracelet | Gold Plated | Diamond Studded | 3D Cut Glass | Day and Date Analog Watch  - For Men,,,watch,Casado,,INR,389,389,,,,LSTWATGW3ZY7YKSXVPKZN5VLE,LSTWATGW3ZY7YKSXVPKZN5VLE,,ANALOGUE INDIA,,,,,,,,customer_review,REV-010,Sanjay Sharma,Bengaluru,5.0,Perfect product!,This is nice whach,6 months ago,True,,0,,,,Dial Color GOLD632 • Strap Color GOLD632A,,flipkart.com,2026-08-16T05:38:29+06:00
