pid,assignees,review_count_expected,product_url,review_url
ACCG5GW3HWQSQERA,Chinmoy,4028,https://www.flipkart.com/zebronics-jaguar-ambidextrous-optical-mouse-high-precision-4-buttons-plug-play/p/itmcde0156fb6e24?pid=ACCG5GW3HWQSQERA&lid=LSTACCG5GW3HWQSQERAZ5EQ30&marketplace=FLIPKART&store=6bo%2Ftia%2F8pp%2Fp0w&srno=b_1_30&otracker=nmenu_sub_Electronics_0_Mouse&fm=organic&iid=2dd7e2bb-e6cc-4b4d-9d28-8639ba6cf9ca.ACCG5GW3HWQSQERA.SEARCH&ppt=browse&ppn=browse&ov_redirect=true&ov_redirect=true,https://www.flipkart.com/zebronics-jaguar-ambidextrous-optical-mouse-high-precision-4-buttons-plug-play/product-reviews/itmcde0156fb6e24?pid=ACCG5GW3HWQSQERA&lid&marketplace=FLIPKART
ACCG69KHU2ZP8TGG,Chinmoy,8168,https://www.flipkart.com/portronics-toad-13-ambidextrous-optical-mouse-runs-single-aa-battery-30-lakhs-click-life-upto-1200-dpi-por-1381/p/itm540d626cfb0c8?pid=ACCG69KHU2ZP8TGG&lid=LSTACCG69KHU2ZP8TGGZAL5UR&marketplace=FLIPKART&store=6bo%2Ftia%2F8pp%2Fp0w&srno=b_1_18&otracker=nmenu_sub_Electronics_0_Mouse&fm=organic&iid=en_JmTIUGrZHc6E-Ef22NESK2gxwecVoWHLRVMV20ROejHRAcLIxZBI2ZJwBboLEy3RG0t032htslSFME0xK7qv8L0PRM2zYGYOyz1Xa9iYwKClr9jsbMKci3_SOfYchgEi&ppt=browse&ppn=browse&ov_redirect=true&ov_redirect=true,https://www.flipkart.com/portronics-toad-13-ambidextrous-optical-mouse-runs-single-aa-battery-30-lakhs-click-life-upto-1200-dpi-por-1381/product-reviews/itm540d626cfb0c8?pid=ACCG69KHU2ZP8TGG&lid&marketplace=FLIPKART
ACCGEVGCGZU3UAYV,Chinmoy,4682,https://www.flipkart.com/arctic-fox-breathing-lights-dpi-upto-3600-wired-ambidextrous-optical-gaming-mouse/p/itmcdac7e0d67fca?pid=ACCGEVGCGZU3UAYV&lid=LSTACCGEVGCGZU3UAYVREZRSV&marketplace=FLIPKART&store=6bo%2Ftia%2F8pp%2Fp0w&srno=b_1_16&otracker=nmenu_sub_Electronics_0_Mouse&fm=organic&iid=2dd7e2bb-e6cc-4b4d-9d28-8639ba6cf9ca.ACCGEVGCGZU3UAYV.SEARCH&ppt=browse&ppn=browse&ov_redirect=true&ov_redirect=true,https://www.flipkart.com/arctic-fox-breathing-lights-dpi-upto-3600-wired-ambidextrous-optical-gaming-mouse/product-reviews/itmcdac7e0d67fca?pid=ACCGEVGCGZU3UAYV&lid&marketplace=FLIPKART
ACCGVUZSRXGPY8S6,Chinmoy,1852,https://www.flipkart.com/arctic-fox-pureview-transparent-wireless-bluetooth-rechargeable-mouse-ambidextrous-optical-gaming/p/itmd28f9c343e04e?pid=ACCGVUZSRXGPY8S6&lid=LSTACCGVUZSRXGPY8S6COZKNV&marketplace=FLIPKART&store=6bo%2Ftia%2F8pp%2Fp0w&srno=b_2_42&otracker=nmenu_sub_Electronics_0_Mouse&fm=organic&iid=en_MPjEky28-bZFssxGsJnHGwVEfBiXacmSIYhlNCPN21B_pY-J2FPr9aj3_ZyJ4IEdFIu4wgt8SMatCcOj00GeWlPIumDkqW8NEVtrEp-qtZLB_xAgK2mBCBS3fcfHzMlH&ppt=browse&ppn=browse&ov_redirect=true&ov_redirect=true,https://www.flipkart.com/arctic-fox-pureview-transparent-wireless-bluetooth-rechargeable-mouse-ambidextrous-optical-gaming/product-reviews/itmd28f9c343e04e?pid=ACCGVUZSRXGPY8S6&lid&marketplace=FLIPKART
ACCGWT2FEWBDQZGP,Chinmoy,395,https://www.flipkart.com/clat-80-w-supervooc-6-wall-charger-mobile-detachable-cable/p/itmf5ac579cdf9ea?pid=ACCGWT2FEWBDQZGP&lid=LSTACCGWT2FEWBDQZGPGNPMQG&marketplace=FLIPKART&store=tyy%2F4mr%2Ftp2&srno=b_1_14&otracker=nmenu_sub_Electronics_0_Mobile%20Chargers&fm=organic&iid=725e1a1d-8b99-40cb-80e6-3a56cd108308.ACCGWT2FEWBDQZGP.SEARCH&ppt=browse&ppn=browse&ov_redirect=true&ov_redirect=true,https://www.flipkart.com/clat-80-w-supervooc-6-wall-charger-mobile-detachable-cable/product-reviews/itmf5ac579cdf9ea?pid=ACCGWT2FEWBDQZGP&lid&marketplace=FLIPKART
ACCH29UHKHNUW9QC,Chinmoy,1995,https://www.flipkart.com/portronics-toad-one-ambidextrous-optical-mouse-6-buttons-rgb-lights-rechargeable/p/itm99135cb40a438?pid=ACCH29UHKHNUW9QC&lid=LSTACCH29UHKHNUW9QCR5J1NW&marketplace=FLIPKART&store=6bo%2Ftia%2F8pp%2Fp0w&srno=b_2_59&otracker=nmenu_sub_Electronics_0_Mouse&fm=organic&iid=91aa3679-9459-4a3e-87ed-3890012f9da1.ACCH29UHKHNUW9QC.SEARCH&ppt=browse&ppn=browse&ov_redirect=true&ov_redirect=true,https://www.flipkart.com/portronics-toad-one-ambidextrous-optical-mouse-6-buttons-rgb-lights-rechargeable/product-reviews/itm99135cb40a438?pid=ACCH29UHKHNUW9QC&lid&marketplace=FLIPKART
ACCHBFVKCBSTE37J,Chinmoy,2346,https://www.flipkart.com/flipkart-smartbuy-tc-m500-ergonomic-optical-mouse/p/itm1d606a891bdf0?pid=ACCHBFVKCBSTE37J&lid=LSTACCHBFVKCBSTE37JFV2TMT&marketplace=FLIPKART&store=6bo%2Ftia%2F8pp%2Fp0w&spotlightTagId=default_BestsellerId_6bo%2Ftia%2F8pp%2Fp0w&srno=b_1_4&otracker=nmenu_sub_Electronics_0_Mouse&fm=organic&iid=2dd7e2bb-e6cc-4b4d-9d28-8639ba6cf9ca.ACCHBFVKCBSTE37J.SEARCH&ppt=browse&ppn=browse&ssid=7g727ct7740000001787004202533&ov_redirect=true&ov_redirect=true,https://www.flipkart.com/flipkart-smartbuy-tc-m500-ergonomic-optical-mouse/product-reviews/itm1d606a891bdf0?pid=ACCHBFVKCBSTE37J&lid&marketplace=FLIPKART
ACCHF7KFTEUGHZGC,Chinmoy,2346,https://www.flipkart.com/flipkart-smartbuy-tc-m500-ergonomic-optical-mouse/p/itm1d606a891bdf0?pid=ACCHF7KFTEUGHZGC&lid=LSTACCHF7KFTEUGHZGCAQ7I6N&marketplace=FLIPKART&store=6bo%2Ftia%2F8pp%2Fp0w&srno=b_1_6&otracker=nmenu_sub_Electronics_0_Mouse&fm=organic&iid=en_JmTIUGrZHc6E-Ef22NESK2gxwecVoWHLRVMV20ROejHvAe3-FeVC31sK9HDR6cMmnXPD_gqKhtCDc9LlIc81-zLkZbRe2_7Ps0A74uy17h2VU8GVQTi2yd9Qip4mUYUp&ppt=browse&ppn=browse&ssid=7g727ct7740000001787004202533&ov_redirect=true&ov_redirect=true,https://www.flipkart.com/flipkart-smartbuy-tc-m500-ergonomic-optical-mouse/product-reviews/itm1d606a891bdf0?pid=ACCHF7KFTEUGHZGC&lid&marketplace=FLIPKART
ACCHNNY9BERXHV2W,Chinmoy,432,https://www.flipkart.com/shopbucket-80-w-supervooc-7-3-wall-charger-mobile-detachable-cable/p/itm21ba5c58faa04?pid=ACCHNNY9BERXHV2W&lid=LSTACCHNNY9BERXHV2WKUQYKC&marketplace=FLIPKART&store=tyy%2F4mr%2Ftp2&spotlightTagId=default_BestsellerId_tyy%2F4mr%2Ftp2&srno=b_1_4&otracker=nmenu_sub_Electronics_0_Mobile%20Chargers&fm=organic&iid=725e1a1d-8b99-40cb-80e6-3a56cd108308.ACCHNNY9BERXHV2W.SEARCH&ppt=browse&ppn=browse&ssid=7coeh9egw00000001787004623641&ov_redirect=true&ov_redirect=true,https://www.flipkart.com/shopbucket-80-w-supervooc-7-3-wall-charger-mobile-detachable-cable/product-reviews/itm21ba5c58faa04?pid=ACCHNNY9BERXHV2W&lid&marketplace=FLIPKART
BKPFWJHMS8FUQFSW,Chinmoy,51396,https://www.flipkart.com/provogue-unisex-spacy-rain-cover-reflective-strip-35-l-laptop-backpack/p/itm67c27c7c91a54?pid=BKPFWJHMS8FUQFSW&lid=LSTBKPFWJHMS8FUQFSWYOEOO0&marketplace=FLIPKART&store=reh%2F4d7%2Fx9i&srno=b_1_12&otracker=nmenu_sub_Electronics_0_Laptop%20Bags&fm=organic&iid=en_vbR5uQ3_KlHJ4ubhYE94Y--9DhnSlRIyFwfB4Sr666uDuHBE9NAzmHZAJvUmsXDrQ8KtdTVwpYPGdYl61UzJGV7UVMc7kXg0QSh16w7sdzUc5HGw9LR1QmHmaiuJSaRy&ppt=browse&ppn=browse&ov_redirect=true&ov_redirect=true,https://www.flipkart.com/provogue-unisex-spacy-rain-cover-reflective-strip-35-l-laptop-backpack/product-reviews/itm67c27c7c91a54?pid=BKPFWJHMS8FUQFSW&lid&marketplace=FLIPKART
BKPGMMHFKANMDYEP,Chinmoy,15461,https://www.flipkart.com/wrogn-ashper-unisex-usb-port-rain-cover-40-l-laptop-backpack/p/itmc8df34df6a276?pid=BKPGMMHFKANMDYEP&lid=LSTBKPGMMHFKANMDYEPW7GKOF&marketplace=FLIPKART&store=reh%2F4d7%2Fx9i&spotlightTagId=default_BestsellerId_reh%2F4d7%2Fx9i&srno=b_1_38&otracker=nmenu_sub_Electronics_0_Laptop%20Bags&fm=organic&iid=en_vbR5uQ3_KlHJ4ubhYE94Y--9DhnSlRIyFwfB4Sr666sBiN1pX05D7FGk6YseJ78E_dnYkVW5yxb0SUJxKmnMFwAsZH34veNqt5c9KK-5RSoc5HGw9LR1QmHmaiuJSaRy&ppt=browse&ppn=browse&ov_redirect=true&ov_redirect=true,https://www.flipkart.com/wrogn-ashper-unisex-usb-port-rain-cover-40-l-laptop-backpack/product-reviews/itmc8df34df6a276?pid=BKPGMMHFKANMDYEP&lid&marketplace=FLIPKART
BKPGMMHFKRYPW68P,Chinmoy,15416,https://www.flipkart.com/wrogn-ashper-unisex-usb-port-rain-cover-40-l-laptop-backpack/p/itmc8c20d128072b?pid=BKPGMMHFKRYPW68P&lid=LSTBKPGMMHFKRYPW68PWGT8UE&marketplace=FLIPKART&store=reh%2F4d7%2Fx9i&srno=b_1_27&otracker=nmenu_sub_Electronics_0_Laptop%20Bags&fm=organic&iid=en_vbR5uQ3_KlHJ4ubhYE94Y--9DhnSlRIyFwfB4Sr666spPGIJqRDHybogv9izocvi28ish5lJRFSNj7Z281ejKIQqyaHKAp0a3FAS6d3PXUwc5HGw9LR1QmHmaiuJSaRy&ppt=browse&ppn=browse&ov_redirect=true&ov_redirect=true,https://www.flipkart.com/wrogn-ashper-unisex-usb-port-rain-cover-40-l-laptop-backpack/product-reviews/itmc8c20d128072b?pid=BKPGMMHFKRYPW68P&lid&marketplace=FLIPKART
BKPGYN2DHCSPZHCT,Chinmoy,1958,https://www.flipkart.com/hrx-hrithik-roshan-sefton-bize2go-pro-unisex-travel-40-l-laptop-backpack/p/itmef5cfa6b6929d?pid=BKPGYN2DHCSPZHCT&lid=LSTBKPGYN2DHCSPZHCTOKPQ0A&marketplace=FLIPKART&store=reh%2F4d7%2Fx9i&srno=b_1_21&otracker=nmenu_sub_Electronics_0_Laptop%20Bags&fm=organic&iid=en_vbR5uQ3_KlHJ4ubhYE94Y--9DhnSlRIyFwfB4Sr666tlfJCwrLOU4QGMuOH-bLa8sjYGzoHwjXEi2ZKXI9BOsYbFsjXtjHaZ0FfscOvYskUc5HGw9LR1QmHmaiuJSaRy&ppt=browse&ppn=browse&ov_redirect=true&ov_redirect=true,https://www.flipkart.com/hrx-hrithik-roshan-sefton-bize2go-pro-unisex-travel-40-l-laptop-backpack/product-reviews/itmef5cfa6b6929d?pid=BKPGYN2DHCSPZHCT&lid&marketplace=FLIPKART
BKPH5KPZRD3JE5RW,Chinmoy,680,https://www.flipkart.com/roadster-unique-aesthetic-30-l-laptop-backpack/p/itmdcae5fc21d9f8?pid=BKPH5KPZRD3JE5RW&lid=LSTBKPH5KPZRD3JE5RWYPSM7J&marketplace=FLIPKART&store=reh%2F4d7%2Fx9i&srno=b_1_2&otracker=nmenu_sub_Electronics_0_Laptop%20Bags&fm=organic&iid=en_vbR5uQ3_KlHJ4ubhYE94Y--9DhnSlRIyFwfB4Sr666u8lAJX72wekdeXNS0ggRZKRHVhjc-ITIiK5RdcvcWIAv9vR82Evr_5-PnMX-wWvbCJG7BG9qWOYakF3nRNJk35&ppt=browse&ppn=browse&ssid=v5wz2x7n0w0000001787004763224&ov_redirect=true&ov_redirect=true,https://www.flipkart.com/roadster-unique-aesthetic-30-l-laptop-backpack/product-reviews/itmdcae5fc21d9f8?pid=BKPH5KPZRD3JE5RW&lid&marketplace=FLIPKART
BKPHJCQXA43FJPS4,Chinmoy,680,https://www.flipkart.com/roadster-water-resistant-raincover-bottom-pad-37-l-laptop-backpack/p/itm45bd7a0ec219f?pid=BKPHJCQXA43FJPS4&lid=LSTBKPHJCQXA43FJPS4BT4PFJ&marketplace=FLIPKART&store=reh%2F4d7%2Fx9i&srno=b_1_3&otracker=nmenu_sub_Electronics_0_Laptop%20Bags&fm=organic&iid=en_vbR5uQ3_KlHJ4ubhYE94Y--9DhnSlRIyFwfB4Sr666um5eaZXcyQPnbK13NgXkCV42xjGrAQg-zA4866LjNTSbSco7-LSFNqQU3kfe3jWziJG7BG9qWOYakF3nRNJk35&ppt=browse&ppn=browse&ov_redirect=true&ov_redirect=true,https://www.flipkart.com/roadster-water-resistant-raincover-bottom-pad-37-l-laptop-backpack/product-reviews/itm45bd7a0ec219f?pid=BKPHJCQXA43FJPS4&lid&marketplace=FLIPKART
CGPGC3J5CRZKW8GK,Chinmoy,86,https://www.flipkart.com/candyvilla-watch-charger-magnetic-2-pin-charger-w26-smart-charging-pad/p/itm3568b235dde8e?pid=CGPGC3J5CRZKW8GK&lid=LSTCGPGC3J5CRZKW8GKAZ3H6U&marketplace=FLIPKART&store=tyy%2F4mr%2Ftp2&srno=b_1_40&otracker=nmenu_sub_Electronics_0_Mobile%20Chargers&fm=organic&iid=725e1a1d-8b99-40cb-80e6-3a56cd108308.CGPGC3J5CRZKW8GK.SEARCH&ppt=browse&ppn=browse&ov_redirect=true&ov_redirect=true,https://www.flipkart.com/candyvilla-watch-charger-magnetic-2-pin-charger-w26-smart-charging-pad/product-reviews/itm3568b235dde8e?pid=CGPGC3J5CRZKW8GK&lid&marketplace=FLIPKART
CRGHGG5KBZ245G8M,Komol,110,https://www.flipkart.com/metronaut-men-cargos/p/itmb9be2df09ddc6?pid=CRGHGG5KBZ245G8M&lid=LSTCRGHGG5KBZ245G8MJTQXTW&hl_lid=&marketplace=FLIPKART&fm=eyJ3dHAiOiJyZWNvIiwicHJwdCI6InBwIiwibWlkIjoicHJvZHVjdFJlY29tbWVuZGF0aW9uL3NpbWlsYXIifQ%3D%3D,https://www.flipkart.com/metronaut-men-cargos/product-reviews/itmb9be2df09ddc6?pid=CRGHGG5KBZ245G8M&lid=LSTCRGHGG5KBZ245G8MJTQXTW&marketplace=FLIPKART
CRGHGZWJCMCK84XZ,Komol,60,https://www.flipkart.com/technosport-men-cargos/p/itm4ba2d5001711f?pid=CRGHGZWJCMCK84XZ&lid=LSTCRGHGZWJCMCK84XZBLS45I&marketplace=FLIPKART&store=clo%2Fvua&srno=b_1_4&otracker=browse&fm=organic&iid=0eaa03fe-c2e1-497c-9164-cb4a86a73d14.CRGHGZWJCMCK84XZ.SEARCH&ppt=browse&ppn=browse&ssid=p6q6eus3cw0000001786999073896&ov_redirect=true,https://www.flipkart.com/technosport-men-cargos/product-reviews/itm4ba2d5001711f?pid=CRGHGZWJCMCK84XZ&lid=LSTCRGHGZWJCMCK84XZBLS45I&marketplace=FLIPKART
CRGHKZXGGHZZAMGY,Komol,176,https://www.flipkart.com/vebnor-men-cargos/p/itm6d5cb06448c08?pid=CRGHKZXGGHZZAMGY&lid=LSTCRGHKZXGGHZZAMGYZQ8S6Q&hl_lid=&marketplace=FLIPKART&fm=eyJ3dHAiOiJyZWNvIiwicHJwdCI6InBwIiwibWlkIjoicHJvZHVjdFJlY29tbWVuZGF0aW9uL3NpbWlsYXIifQ%3D%3D,https://www.flipkart.com/vebnor-men-cargos/product-reviews/itm6d5cb06448c08?pid=CRGHKZXGGHZZAMGY&lid=LSTCRGHKZXGGHZZAMGYZQ8S6Q&marketplace=FLIPKART
CRGHN4XYZGF9HEGZ,Komol,20,https://www.flipkart.com/killer-men-cargos/p/itm998b4c636e14e?pid=CRGHN4XYZGF9HEGZ&lid=LSTCRGHN4XYZGF9HEGZGCOMVL&marketplace=FLIPKART&store=clo%2Fvua&srno=b_1_23&otracker=browse&fm=organic&iid=b65f9c9c-eb80-4d00-b820-ab765794092d.CRGHN4XYZGF9HEGZ.SEARCH&ppt=browse&ppn=browse&ssid=eylqv5y10w0000001786999153243&ov_redirect=true,https://www.flipkart.com/killer-men-cargos/product-reviews/itm998b4c636e14e?pid=CRGHN4XYZGF9HEGZ&lid=LSTCRGHN4XYZGF9HEGZGCOMVL&marketplace=FLIPKART
CRGHNG3WPNHRYGCN,Komol,13,https://www.flipkart.com/metronaut-men-cargos/p/itm6ad7f9642063d?pid=CRGHNG3WPNHRYGCN&lid=LSTCRGHNG3WPNHRYGCNVBV7EW&hl_lid=&marketplace=FLIPKART&fm=eyJ3dHAiOiJyZWNvIiwicHJwdCI6InBwIiwibWlkIjoicHJvZHVjdFJlY29tbWVuZGF0aW9uL3NpbWlsYXIifQ%3D%3D,https://www.flipkart.com/metronaut-men-cargos/product-reviews/itm6ad7f9642063d?pid=CRGHNG3WPNHRYGCN&lid=LSTCRGHNG3WPNHRYGCNVBV7EW&marketplace=FLIPKART
HLMHYDYFHZZFNDQV,Chinmoy,231,https://www.flipkart.com/steelbird-sba-21-genie-isi-certified-full-face-graphic-helmet-men-women-motorbike/p/itmeef4cb3838326?pid=HLMHYDYFHZZFNDQV&lid=LSTHLMHYDYFHZZFNDQV5FVPZD&marketplace=FLIPKART&store=1mt%2Fztf%2Fiv8%2Ftih&srno=b_1_21&otracker=browse&fm=neo%2Fmerchandising&iid=en_wECoOonxt3cuWc31aeDX6742Oj1P124ZQNeaParLlpdMB2avZ0G6vEOfA1XRmS9KGXySb4Q4YUvgEC6ZHx-0SHMEmhzvftAgbBoMHk4hBHgS6fiHRYQzKAImc414coTP&ppt=browse&ppn=browse&ssid=elizkjatr40000001787002687207&ov_redirect=true&ov_redirect=true,https://www.flipkart.com/steelbird-sba-21-genie-isi-certified-full-face-graphic-helmet-men-women-motorbike/product-reviews/itmeef4cb3838326?pid=HLMHYDYFHZZFNDQV&lid&marketplace=FLIPKART
JWSH2XA2ZGKX6JVR,Komol,340,https://www.flipkart.com/sss-arts-alloy-gold-plated-gold-jewellery-set/p/itmf3ff7c735a35c?pid=JWSH2XA2ZGKX6JVR&lid=LSTJWSH2XA2ZGKX6JVRYDMUYE&marketplace=FLIPKART,https://www.flipkart.com/sss-arts-alloy-gold-plated-gold-jewellery-set/product-reviews/itmf3ff7c735a35c?pid=JWSH2XA2ZGKX6JVR&lid=LSTJWSH2XA2ZGKX6JVRYDMUYE&marketplace=FLIPKART
JWSH4D7ZEMUJZRFZ,Komol,200,https://www.flipkart.com/vivanta-alloy-gold-plated-gold-jewellery-set/p/itmaa43654d05879?pid=JWSH4D7ZEMUJZRFZ&lid=LSTJWSH4D7ZEMUJZRFZ7HMCE9&marketplace=FLIPKART,https://www.flipkart.com/vivanta-alloy-gold-plated-gold-jewellery-set/product-reviews/itmaa43654d05879?pid=JWSH4D7ZEMUJZRFZ&lid=LSTJWSH4D7ZEMUJZRFZ7HMCE9&marketplace=FLIPKART
MOBE93GWZDT9YMGD,Chinmoy,2170,https://www.flipkart.com/samsung-galaxy-j5-black-8-gb/p/itme9c8d6msfxnfz?pid=MOBE93GWZDT9YMGD&lid=LSTMOBE93GWZDT9YMGDKMVRJM&marketplace=FLIPKART&store=tyy%2F4io&srno=b_2_48&otracker=browse&fm=organic&iid=c8ce05c6-52c0-4569-afd8-75ccaae2da3a.MOBE93GWZDT9YMGD.SEARCH&ppt=browse&ppn=browse&ssid=7cb6q66q740000001787003421495&ov_redirect=true,https://www.flipkart.com/samsung-galaxy-j5-black-8-gb/product-reviews/itme9c8d6msfxnfz?pid=MOBE93GWZDT9YMGD&lid&marketplace=FLIPKART
MOBF22VTC5PCHKDB,Chinmoy,11038,https://www.flipkart.com/infinix-hot-s3-sandstone-black-32-gb/p/itmf5fhmgpg3mzuj?pid=MOBF22VTC5PCHKDB&lid=LSTMOBF22VTC5PCHKDBJK9REU&marketplace=FLIPKART&store=tyy%2F4io&srno=b_4_80&otracker=browse&fm=organic&iid=27c41e10-27ed-4abd-98f6-f641d6084a85.MOBF22VTC5PCHKDB.SEARCH&ppt=browse&ppn=browse&ov_redirect=true,https://www.flipkart.com/infinix-hot-s3-sandstone-black-32-gb/product-reviews/itmf5fhmgpg3mzuj?pid=MOBF22VTC5PCHKDB&lid&marketplace=FLIPKART
MOBFJJJVH6QYNE3P,Chinmoy,33159,https://www.flipkart.com/infinix-hot-8-quetzal-cyan-64-gb/p/itm176568dde7f63?pid=MOBFJJJVH6QYNE3P&lid=LSTMOBFJJJVH6QYNE3PL86ZA6&marketplace=FLIPKART&store=tyy%2F4io&srno=b_3_56&otracker=browse&fm=organic&iid=5bfb90c6-b603-4b4d-9dd1-723d2ca6e30a.MOBFJJJVH6QYNE3P.SEARCH&ppt=browse&ppn=browse&ov_redirect=true,https://www.flipkart.com/infinix-hot-8-quetzal-cyan-64-gb/product-reviews/itm176568dde7f63?pid=MOBFJJJVH6QYNE3P&lid&marketplace=FLIPKART
MOBFQ3DPMQHHTMBZ,Chinmoy,7454,https://www.flipkart.com/infinix-hot-9-violet-64-gb/p/itm9d816e65b5dc4?pid=MOBFQ3DPMQHHTMBZ&lid=LSTMOBFQ3DPMQHHTMBZTNJSFM&marketplace=FLIPKART&store=tyy%2F4io&srno=b_4_96&otracker=browse&fm=organic&iid=27c41e10-27ed-4abd-98f6-f641d6084a85.MOBFQ3DPMQHHTMBZ.SEARCH&ppt=browse&ppn=browse&ov_redirect=true.MOBFTGWBCSZ3QGJW.SEARCH&ppt=browse&ppn=browse&ov_redirect=true,https://www.flipkart.com/infinix-hot-9-violet-64-gb/product-reviews/itm9d816e65b5dc4?pid=MOBFQ3DPMQHHTMBZ&lid&marketplace=FLIPKART
MOBFTGWBPGDPZYGH,Chinmoy,13892,https://www.flipkart.com/infinix-smart-4-plus-ocean-wave-32-gb/p/itmd387f45cb474a?pid=MOBFTGWBPGDPZYGH&lid=LSTMOBFTGWBPGDPZYGH2E67R5&marketplace=FLIPKART&store=tyy%2F4io&srno=b_3_68&otracker=browse&fm=organic&iid=5bfb90c6-b603-4b4d-9dd1-723d2ca6e30a.MOBFTGWBPGDPZYGH.SEARCH&ppt=browse&ppn=browse&ov_redirect=true,https://www.flipkart.com/infinix-smart-4-plus-ocean-wave-32-gb/product-reviews/itmd387f45cb474a?pid=MOBFTGWBPGDPZYGH&lid&marketplace=FLIPKART
MOBFVX6YBHTKJC8B,Chinmoy,8099,https://www.flipkart.com/infinix-hot-10-obsidian-black-128-gb/p/itm80ea670ef0bfc?pid=MOBFVX6YBHTKJC8B&lid=LSTMOBFVX6YBHTKJC8BHLDFY0&marketplace=FLIPKART&store=tyy%2F4io&srno=b_3_70&otracker=browse&fm=organic&iid=5bfb90c6-b603-4b4d-9dd1-723d2ca6e30a.MOBFVX6YBHTKJC8B.SEARCH&ppt=browse&ppn=browse&ov_redirect=true,https://www.flipkart.com/infinix-hot-10-obsidian-black-128-gb/product-reviews/itm80ea670ef0bfc?pid=MOBFVX6YBHTKJC8B&lid&marketplace=FLIPKART
MOBFVX6YHMSDNJZH,Chinmoy,6065,https://www.flipkart.com/infinix-hot-10-amber-red-64-gb/p/itm05a303fc89d2e?pid=MOBFVX6YHMSDNJZH&lid=LSTMOBFVX6YHMSDNJZHACZZRN&marketplace=FLIPKART&store=tyy%2F4io&srno=b_3_60&otracker=browse&fm=organic&iid=5bfb90c6-b603-4b4d-9dd1-723d2ca6e30a.MOBFVX6YHMSDNJZH.SEARCH&ppt=browse&ppn=browse&ov_redirect=true,https://www.flipkart.com/infinix-hot-10-amber-red-64-gb/product-reviews/itm05a303fc89d2e?pid=MOBFVX6YHMSDNJZH&lid&marketplace=FLIPKART
MOBFVX6YN68E5ZF3,Chinmoy,8099,https://www.flipkart.com/infinix-hot-10-amber-red-128-gb/p/itm80ea670ef0bfc?pid=MOBFVX6YN68E5ZF3&lid=LSTMOBFVX6YN68E5ZF3FHFQ9K&marketplace=FLIPKART&store=tyy%2F4io&srno=b_4_83&otracker=browse&fm=organic&iid=27c41e10-27ed-4abd-98f6-f641d6084a85.MOBFVX6YN68E5ZF3.SEARCH&ppt=browse&ppn=browse&ov_redirect=true,https://www.flipkart.com/infinix-hot-10-amber-red-128-gb/product-reviews/itm80ea670ef0bfc?pid=MOBFVX6YN68E5ZF3&lid&marketplace=FLIPKART
MOBFWXRGJRMJ6QP6,Chinmoy,2777,https://www.flipkart.com/infinix-smart-4-quetzal-cyan-32-gb/p/itmd9ddf46c665b0?pid=MOBFWXRGJRMJ6QP6&lid=LSTMOBFWXRGJRMJ6QP6WQEKOI&marketplace=FLIPKART&store=tyy%2F4io&srno=b_2_46&otracker=browse&fm=organic&iid=c040268c-b93b-4844-b3d8-a61c662aba4f.MOBFWXRGJRMJ6QP6.SEARCH&ppt=browse&ppn=browse&ov_redirect=true,https://www.flipkart.com/infinix-smart-4-quetzal-cyan-32-gb/product-reviews/itmd9ddf46c665b0?pid=MOBFWXRGJRMJ6QP6&lid&marketplace=FLIPKART
MOBFY7MZTGYEA4HT,Chinmoy,3934,https://www.flipkart.com/infinix-smart-hd-2021-quartz-green-32-gb/p/itm14159edd6bd3d?pid=MOBFY7MZTGYEA4HT&lid=LSTMOBFY7MZTGYEA4HTCRGN7T&marketplace=FLIPKART&store=tyy%2F4io&srno=b_2_44&otracker=browse&fm=organic&iid=c040268c-b93b-4844-b3d8-a61c662aba4f.MOBFY7MZTGYEA4HT.SEARCH&ppt=browse&ppn=browse&ov_redirect=true,https://www.flipkart.com/infinix-smart-hd-2021-quartz-green-32-gb/product-reviews/itm14159edd6bd3d?pid=MOBFY7MZTGYEA4HT&lid&marketplace=FLIPKART
MOBG2T89RJKSVZBG,Chinmoy,3901,https://www.flipkart.com/infinix-hot-10s-95-black-64-gb/p/itm3a70709f4ec55?pid=MOBG2T89RJKSVZBG&lid=LSTMOBG2T89RJKSVZBGHLYDPL&marketplace=FLIPKART&store=tyy%2F4io&srno=b_3_72&otracker=browse&fm=organic&iid=5bfb90c6-b603-4b4d-9dd1-723d2ca6e30a.MOBG2T89RJKSVZBG.SEARCH&ppt=browse&ppn=browse&ov_redirect=true,https://www.flipkart.com/infinix-hot-10s-95-black-64-gb/product-reviews/itm3a70709f4ec55?pid=MOBG2T89RJKSVZBG&lid&marketplace=FLIPKART
MOBG3KHEBF7PPT6Z,Chinmoy,5640,https://www.flipkart.com/infinix-note-10-emerald-green-128-gb/p/itmd04ff59c20eee?pid=MOBG3KHEBF7PPT6Z&lid=LSTMOBG3KHEBF7PPT6ZM6OUMM&marketplace=FLIPKART&store=tyy%2F4io&srno=b_3_55&otracker=browse&fm=organic&iid=5bfb90c6-b603-4b4d-9dd1-723d2ca6e30a.MOBG3KHEBF7PPT6Z.SEARCH&ppt=browse&ppn=browse&ov_redirect=true,https://www.flipkart.com/infinix-note-10-emerald-green-128-gb/product-reviews/itmd04ff59c20eee?pid=MOBG3KHEBF7PPT6Z&lid&marketplace=FLIPKART
MOBG3KHEVPSDSWTH,Chinmoy,5640,https://www.flipkart.com/infinix-note-10-95-black-128-gb/p/itmd04ff59c20eee?pid=MOBG3KHEVPSDSWTH&lid=LSTMOBG3KHEVPSDSWTHALMY3W&marketplace=FLIPKART&store=tyy%2F4io&srno=b_2_40&otracker=browse&fm=organic&iid=c040268c-b93b-4844-b3d8-a61c662aba4f.MOBG3KHEVPSDSWTH.SEARCH&ppt=browse&ppn=browse&ov_redirect=true,https://www.flipkart.com/infinix-note-10-95-black-128-gb/product-reviews/itmd04ff59c20eee?pid=MOBG3KHEVPSDSWTH&lid&marketplace=FLIPKART
MOBGDC6HQJZKSX3K,Chinmoy,2013,https://www.flipkart.com/infinix-smart-6-light-sea-green-64-gb/p/itmd4041ce33d262?pid=MOBGDC6HQJZKSX3K&lid=LSTMOBGDC6HQJZKSX3KUVADVY&marketplace=FLIPKART&store=tyy%2F4io&srno=b_2_45&otracker=browse&fm=organic&iid=c040268c-b93b-4844-b3d8-a61c662aba4f.MOBGDC6HQJZKSX3K.SEARCH&ppt=browse&ppn=browse&ov_redirect=true,https://www.flipkart.com/infinix-smart-6-light-sea-green-64-gb/product-reviews/itmd4041ce33d262?pid=MOBGDC6HQJZKSX3K&lid&marketplace=FLIPKART
MOBGFG7URKYYCXUS,Chinmoy,10832,https://www.flipkart.com/infinix-hot-10-play-aegean-blue-64-gb/p/itm1f660c8716944?pid=MOBGFG7URKYYCXUS&lid=LSTMOBGFG7URKYYCXUSZ1U485&marketplace=FLIPKART&store=tyy%2F4io&srno=b_3_63&otracker=browse&fm=organic&iid=5bfb90c6-b603-4b4d-9dd1-723d2ca6e30a.MOBGFG7URKYYCXUS.SEARCH&ppt=browse&ppn=browse&ov_redirect=true,https://www.flipkart.com/infinix-hot-10-play-aegean-blue-64-gb/product-reviews/itm1f660c8716944?pid=MOBGFG7URKYYCXUS&lid&marketplace=FLIPKART
MOBGHT8UMJBMCAWN,Chinmoy,2235,https://www.flipkart.com/samsung-galaxy-a14-5g-light-green-64-gb/p/itm69060fa751c00?pid=MOBGHT8UMJBMCAWN&lid=LSTMOBGHT8UMJBMCAWN5MYSZV&marketplace=FLIPKART&store=tyy%2F4io&srno=b_4_75&otracker=browse&fm=organic&iid=f4022064-0c46-442d-a907-fcace891c60d.MOBGHT8UMJBMCAWN.SEARCH&ppt=browse&ppn=browse&ov_redirect=true,https://www.flipkart.com/samsung-galaxy-a14-5g-light-green-64-gb/product-reviews/itm69060fa751c00?pid=MOBGHT8UMJBMCAWN&lid&marketplace=FLIPKART
MOBGNPK29ZWFHGGD,Chinmoy,7979,https://www.flipkart.com/infinix-hot-30i-diamond-white-128-gb/p/itm8b42a43b35895?pid=MOBGNPK29ZWFHGGD&lid=LSTMOBGNPK29ZWFHGGDKTDNDX&marketplace=FLIPKART&store=tyy%2F4io&srno=b_3_57&otracker=browse&fm=organic&iid=5bfb90c6-b603-4b4d-9dd1-723d2ca6e30a.MOBGNPK29ZWFHGGD.SEARCH&ppt=browse&ppn=browse&ov_redirect=true,https://www.flipkart.com/infinix-hot-30i-diamond-white-128-gb/product-reviews/itm8b42a43b35895?pid=MOBGNPK29ZWFHGGD&lid&marketplace=FLIPKART
MOBGNPK2ZTGZBRXE,Chinmoy,7979,https://www.flipkart.com/infinix-hot-30i-glacier-blue-128-gb/p/itm8b42a43b35895?pid=MOBGNPK2ZTGZBRXE&lid=LSTMOBGNPK2ZTGZBRXEAFQ5YT&marketplace=FLIPKART&store=tyy%2F4io&srno=b_3_50&otracker=browse&fm=organic&iid=5bfb90c6-b603-4b4d-9dd1-723d2ca6e30a.MOBGNPK2ZTGZBRXE.SEARCH&ppt=browse&ppn=browse&ov_redirect=true,https://www.flipkart.com/infinix-hot-30i-glacier-blue-128-gb/product-reviews/itm8b42a43b35895?pid=MOBGNPK2ZTGZBRXE&lid&marketplace=FLIPKART
MOBGQ9HPEZKFHZFQ,Chinmoy,10420,https://www.flipkart.com/infinix-note-30-5g-magic-black-256-gb/p/itm12c179f0a6281?pid=MOBGQ9HPEZKFHZFQ&lid=LSTMOBGQ9HPEZKFHZFQUVHIKF&marketplace=FLIPKART&store=tyy%2F4io&srno=b_4_88&otracker=browse&fm=organic&iid=27c41e10-27ed-4abd-98f6-f641d6084a85.MOBGQ9HPEZKFHZFQ.SEARCH&ppt=browse&ppn=browse&ov_redirect=true,https://www.flipkart.com/infinix-note-30-5g-magic-black-256-gb/product-reviews/itm12c179f0a6281?pid=MOBGQ9HPEZKFHZFQ&lid&marketplace=FLIPKART
MOBGQP3UFZA4KJYV,Chinmoy,4871,https://www.flipkart.com/oppo-reno10-5g-silvery-grey-256-gb/p/itm8f29359478c6e?pid=MOBGQP3UFZA4KJYV&lid=LSTMOBGQP3UFZA4KJYVWYLCHL&marketplace=FLIPKART&store=tyy%2F4io&srno=b_3_60&otracker=browse&fm=organic&iid=db8da162-539b-4f66-a003-88ba97480c0c.MOBGQP3UFZA4KJYV.SEARCH&ppt=browse&ppn=browse&ov_redirect=true,https://www.flipkart.com/oppo-reno10-5g-silvery-grey-256-gb/product-reviews/itm8f29359478c6e?pid=MOBGQP3UFZA4KJYV&lid&marketplace=FLIPKART
MOBGVAPXG4WHFR9M,Chinmoy,2730,https://www.flipkart.com/infinix-smart-8-hd-shiny-gold-64-gb/p/itm709d885ba6ac1?pid=MOBGVAPXG4WHFR9M&lid=LSTMOBGVAPXG4WHFR9MJIYCWG&marketplace=FLIPKART&store=tyy%2F4io&srno=b_2_41&otracker=browse&fm=organic&iid=c040268c-b93b-4844-b3d8-a61c662aba4f.MOBGVAPXG4WHFR9M.SEARCH&ppt=browse&ppn=browse&ov_redirect=true,https://www.flipkart.com/infinix-smart-8-hd-shiny-gold-64-gb/product-reviews/itm709d885ba6ac1?pid=MOBGVAPXG4WHFR9M&lid&marketplace=FLIPKART
MOBGW5HMH5Z3MQCK,Chinmoy,1707,https://www.flipkart.com/itel-it5330-2-8-inch-big-display-1900-mah-battery-kingvoice/p/itmfb08600c266c4?pid=MOBGW5HMH5Z3MQCK&lid=LSTMOBGW5HMH5Z3MQCKHV9JQO&marketplace=FLIPKART&store=tyy%2F4io&srno=b_2_31&otracker=browse&fm=organic&iid=c8ce05c6-52c0-4569-afd8-75ccaae2da3a.MOBGW5HMH5Z3MQCK.SEARCH&ppt=browse&ppn=browse&ssid=7cb6q66q740000001787003421495&ov_redirect=true,https://www.flipkart.com/itel-it5330-2-8-inch-big-display-1900-mah-battery-kingvoice/product-reviews/itmfb08600c266c4?pid=MOBGW5HMH5Z3MQCK&lid&marketplace=FLIPKART
MOBGWV5HGPYMDWUN,Chinmoy,1853,https://www.flipkart.com/infinix-smart-8-rainbow-blue-64-gb/p/itmb5696a34ad441?pid=MOBGWV5HGPYMDWUN&lid=LSTMOBGWV5HGPYMDWUNX0Q8RJ&marketplace=FLIPKART&store=tyy%2F4io&srno=b_3_65&otracker=browse&fm=organic&iid=5bfb90c6-b603-4b4d-9dd1-723d2ca6e30a.MOBGWV5HGPYMDWUN.SEARCH&ppt=browse&ppn=browse&ov_redirect=true,https://www.flipkart.com/infinix-smart-8-rainbow-blue-64-gb/product-reviews/itmb5696a34ad441?pid=MOBGWV5HGPYMDWUN&lid&marketplace=FLIPKART
MOBGYT2HEYWFCG8Q,Chinmoy,5950,https://www.flipkart.com/samsung-galaxy-a35-5g-awesome-iceblue-128-gb/p/itm9684d2fe9201e?pid=MOBGYT2HEYWFCG8Q&lid=LSTMOBGYT2HEYWFCG8QSW6D6Y&marketplace=FLIPKART&store=tyy%2F4io&srno=b_5_107&otracker=browse&fm=organic&iid=acbca51a-fd8e-462a-be32-7db80e80e86c.MOBGYT2HEYWFCG8Q.SEARCH&ppt=browse&ppn=browse&ov_redirect=true,https://www.flipkart.com/samsung-galaxy-a35-5g-awesome-iceblue-128-gb/product-reviews/itm9684d2fe9201e?pid=MOBGYT2HEYWFCG8Q&lid&marketplace=FLIPKART
MOBH34XGJUTK8GJA,Chinmoy,2255,https://www.flipkart.com/infinix-note-40x-5g-starlit-black-256-gb/p/itm9c39960257804?pid=MOBH34XGJUTK8GJA&lid=LSTMOBH34XGJUTK8GJAFIWAEI&marketplace=FLIPKART&store=tyy%2F4io&srno=b_2_30&otracker=browse&fm=organic&iid=c040268c-b93b-4844-b3d8-a61c662aba4f.MOBH34XGJUTK8GJA.SEARCH&ppt=browse&ppn=browse&ov_redirect=true,https://www.flipkart.com/infinix-note-40x-5g-starlit-black-256-gb/product-reviews/itm9c39960257804?pid=MOBH34XGJUTK8GJA&lid&marketplace=FLIPKART
MOBH45FZHVQKGQPQ,Chinmoy,1329,https://www.flipkart.com/infinix-hot-50-5g-sage-green-128-gb/p/itm61d8bc127842c?pid=MOBH45FZHVQKGQPQ&lid=LSTMOBH45FZHVQKGQPQO18Q9S&marketplace=FLIPKART&store=tyy%2F4io&srno=b_2_25&otracker=browse&fm=organic&iid=c040268c-b93b-4844-b3d8-a61c662aba4f.MOBH45FZHVQKGQPQ.SEARCH&ppt=browse&ppn=browse&ov_redirect=true,https://www.flipkart.com/infinix-hot-50-5g-sage-green-128-gb/product-reviews/itm61d8bc127842c?pid=MOBH45FZHVQKGQPQ&lid&marketplace=FLIPKART
MOBH45FZSETQ3KMG,Chinmoy,1329,https://www.flipkart.com/infinix-hot-50-5g-sleek-black-128-gb/p/itm61d8bc127842c?pid=MOBH45FZSETQ3KMG&lid=LSTMOBH45FZSETQ3KMGKEMMXU&marketplace=FLIPKART&store=tyy%2F4io&srno=b_2_38&otracker=browse&fm=organic&iid=c040268c-b93b-4844-b3d8-a61c662aba4f.MOBH45FZSETQ3KMG.SEARCH&ppt=browse&ppn=browse&ov_redirect=true,https://www.flipkart.com/infinix-hot-50-5g-sleek-black-128-gb/product-reviews/itm61d8bc127842c?pid=MOBH45FZSETQ3KMG&lid&marketplace=FLIPKART
MOBH4GBFXAJPXAHQ,Chinmoy,5810,https://www.flipkart.com/oppo-k12x-5g-45w-supervooc-charger-in-the-box-feather-pink-128-gb/p/itma30cb38861d4c?pid=MOBH4GBFXAJPXAHQ&lid=LSTMOBH4GBFXAJPXAHQTV92TL&marketplace=FLIPKART&store=tyy%2F4io&srno=b_3_50&otracker=browse&fm=organic&iid=db8da162-539b-4f66-a003-88ba97480c0c.MOBH4GBFXAJPXAHQ.SEARCH&ppt=browse&ppn=browse&ov_redirect=true,https://www.flipkart.com/oppo-k12x-5g-45w-supervooc-charger-in-the-box-feather-pink-128-gb/product-reviews/itma30cb38861d4c?pid=MOBH4GBFXAJPXAHQ&lid&marketplace=FLIPKART
MOBH4GTXZ9ZRQ3SU,Chinmoy,4547,https://www.flipkart.com/samsung-galaxy-f05-twilight-blue-64-gb/p/itm84a914081ab93?pid=MOBH4GTXZ9ZRQ3SU&lid=LSTMOBH4GTXZ9ZRQ3SUXCBGGE&marketplace=FLIPKART&store=tyy%2F4io&srno=b_4_89&otracker=browse&fm=organic&iid=f4022064-0c46-442d-a907-fcace891c60d.MOBH4GTXZ9ZRQ3SU.SEARCH&ppt=browse&ppn=browse&ov_redirect=true,https://www.flipkart.com/samsung-galaxy-f05-twilight-blue-64-gb/product-reviews/itm84a914081ab93?pid=MOBH4GTXZ9ZRQ3SU&lid&marketplace=FLIPKART
MOBH4ZG3KPRR7HWZ,Chinmoy,6549,https://www.flipkart.com/samsung-galaxy-s24-fe-5g-graphite-256-gb/p/itme960199e26f23?pid=MOBH4ZG3KPRR7HWZ&lid=LSTMOBH4ZG3KPRR7HWZWYHPPG&marketplace=FLIPKART&store=tyy%2F4io&srno=b_2_45&otracker=browse&fm=organic&iid=c8ce05c6-52c0-4569-afd8-75ccaae2da3a.MOBH4ZG3KPRR7HWZ.SEARCH&ppt=browse&ppn=browse&ssid=7cb6q66q740000001787003421495&ov_redirect=true,https://www.flipkart.com/samsung-galaxy-s24-fe-5g-graphite-256-gb/product-reviews/itme960199e26f23?pid=MOBH4ZG3KPRR7HWZ&lid&marketplace=FLIPKART
MOBH4ZG3TSXHKXH2,Chinmoy,6549,https://www.flipkart.com/samsung-galaxy-s24-fe-5g-mint-128-gb/p/itme960199e26f23?pid=MOBH4ZG3TSXHKXH2&lid=LSTMOBH4ZG3TSXHKXH2BH0BQS&marketplace=FLIPKART&store=tyy%2F4io&srno=b_4_86&otracker=browse&fm=organic&iid=f4022064-0c46-442d-a907-fcace891c60d.MOBH4ZG3TSXHKXH2.SEARCH&ppt=browse&ppn=browse&ov_redirect=true,https://www.flipkart.com/samsung-galaxy-s24-fe-5g-mint-128-gb/product-reviews/itme960199e26f23?pid=MOBH4ZG3TSXHKXH2&lid&marketplace=FLIPKART
MOBHB392HWDHA8HH,Chinmoy,6196,https://www.flipkart.com/oppo-k13-5g-7000mah-80w-supervooc-charger-in-the-box-icy-purple-256-gb/p/itm6f2ebf6d205cf?pid=MOBHB392HWDHA8HH&lid=LSTMOBHB392HWDHA8HHQOBNQP&marketplace=FLIPKART&store=tyy%2F4io&srno=b_1_4&otracker=browse&fm=organic&iid=6a8b4b83-64c3-4540-b90d-c096d9245284.MOBHB392HWDHA8HH.SEARCH&ppt=browse&ppn=browse&ov_redirect=true,https://www.flipkart.com/oppo-k13-5g-7000mah-80w-supervooc-charger-in-the-box-icy-purple-256-gb/product-reviews/itm6f2ebf6d205cf?pid=MOBHB392HWDHA8HH&lid&marketplace=FLIPKART
MOBHB392JAQKDGBF,Chinmoy,6196,https://www.flipkart.com/oppo-k13-5g-7000mah-80w-supervooc-charger-in-the-box-prism-black-128-gb/p/itm6f2ebf6d205cf?pid=MOBHB392JAQKDGBF&lid=LSTMOBHB392JAQKDGBF1CMXCI&marketplace=FLIPKART&store=tyy%2F4io&srno=b_2_43&otracker=browse&fm=organic&iid=2374fe26-5596-415b-ab7a-a38dc27ca7ac.MOBHB392JAQKDGBF.SEARCH&ppt=browse&ppn=browse&ov_redirect=true,https://www.flipkart.com/oppo-k13-5g-7000mah-80w-supervooc-charger-in-the-box-prism-black-128-gb/product-reviews/itm6f2ebf6d205cf?pid=MOBHB392JAQKDGBF&lid&marketplace=FLIPKART
MOBHB3SZW72BYGHK,Chinmoy,6378,https://www.flipkart.com/motorola-g96-5g-pantone-dresden-blue-128-gb/p/itm3d5ad13991fdc?pid=MOBHB3SZW72BYGHK&lid=LSTMOBHB3SZW72BYGHKYVOADG&marketplace=FLIPKART&store=tyy%2F4io&srno=b_1_20&otracker=browse&fm=organic&iid=c4cd39aa-7392-49f6-bab0-504167955130.MOBHB3SZW72BYGHK.SEARCH&ppt=browse&ppn=browse&ssid=t7bciivc2o0000001787002457646&ov_redirect=true,https://www.flipkart.com/motorola-g96-5g-pantone-dresden-blue-128-gb/product-reviews/itm3d5ad13991fdc?pid=MOBHB3SZW72BYGHK&lid&marketplace=FLIPKART
MOBHDVFKCP3DZG4G,Chinmoy,4572,https://www.flipkart.com/samsung-galaxy-s24-5g-snapdragon-marble-gray-128-gb/p/itm8f6413060b707?pid=MOBHDVFKCP3DZG4G&lid=LSTMOBHDVFKCP3DZG4GF1TPIS&marketplace=FLIPKART&store=tyy%2F4io&srno=b_5_98&otracker=browse&fm=organic&iid=acbca51a-fd8e-462a-be32-7db80e80e86c.MOBHDVFKCP3DZG4G.SEARCH&ppt=browse&ppn=browse&ov_redirect=true,https://www.flipkart.com/samsung-galaxy-s24-5g-snapdragon-marble-gray-128-gb/product-reviews/itm8f6413060b707?pid=MOBHDVFKCP3DZG4G&lid&marketplace=FLIPKART
MOBHDVFKVGGGHBDX,Chinmoy,4572,https://www.flipkart.com/samsung-galaxy-s24-5g-snapdragon-onyx-black-256-gb/p/itm0eb31619428e4?pid=MOBHDVFKVGGGHBDX&lid=LSTMOBHDVFKVGGGHBDX8KNAAD&marketplace=FLIPKART&store=tyy%2F4io&srno=b_4_73&otracker=browse&fm=organic&iid=f4022064-0c46-442d-a907-fcace891c60d.MOBHDVFKVGGGHBDX.SEARCH&ppt=browse&ppn=browse&ov_redirect=true,https://www.flipkart.com/samsung-galaxy-s24-5g-snapdragon-onyx-black-256-gb/product-reviews/itm0eb31619428e4?pid=MOBHDVFKVGGGHBDX&lid&marketplace=FLIPKART
MOBHDY9PVAHGDHWG,Chinmoy,4882,https://www.flipkart.com/oppo-k13x-5g-6000mah-45w-supervooc-charger-ai-sunset-peach-128-gb/p/itm62b2e62fbb43e?pid=MOBHDY9PVAHGDHWG&lid=LSTMOBHDY9PVAHGDHWGBSHGNL&marketplace=FLIPKART&store=tyy%2F4io&srno=b_2_41&otracker=browse&fm=organic&iid=2374fe26-5596-415b-ab7a-a38dc27ca7ac.MOBHDY9PVAHGDHWG.SEARCH&ppt=browse&ppn=browse&ov_redirect=true,https://www.flipkart.com/oppo-k13x-5g-6000mah-45w-supervooc-charger-ai-sunset-peach-128-gb/product-reviews/itm62b2e62fbb43e?pid=MOBHDY9PVAHGDHWG&lid&marketplace=FLIPKART
MOBHE49GDEHE3XZD,Chinmoy,3809,https://www.flipkart.com/vivo-t4r-5g-arctic-white-128-gb/p/itm3a5653667cb9c?pid=MOBHE49GDEHE3XZD&lid=LSTMOBHE49GDEHE3XZDXHWSUS&marketplace=FLIPKART&store=tyy%2F4io&srno=b_2_29&otracker=browse&fm=organic&iid=b5705031-a3b2-4a6e-9f31-9d9c673a4f96.MOBHE49GDEHE3XZD.SEARCH&ppt=browse&ppn=browse&ov_redirect=true,https://www.flipkart.com/vivo-t4r-5g-arctic-white-128-gb/product-reviews/itm3a5653667cb9c?pid=MOBHE49GDEHE3XZD&lid&marketplace=FLIPKART
MOBHE49GFMXQ5QEG,Chinmoy,3809,https://www.flipkart.com/vivo-t4r-5g-twilight-blue-256-gb/p/itm3a5653667cb9c?pid=MOBHE49GFMXQ5QEG&lid=LSTMOBHE49GFMXQ5QEGZPB4G9&marketplace=FLIPKART&store=tyy%2F4io&srno=b_2_39&otracker=browse&fm=organic&iid=b5705031-a3b2-4a6e-9f31-9d9c673a4f96.MOBHE49GFMXQ5QEG.SEARCH&ppt=browse&ppn=browse&ov_redirect=true,https://www.flipkart.com/vivo-t4r-5g-twilight-blue-256-gb/product-reviews/itm3a5653667cb9c?pid=MOBHE49GFMXQ5QEG&lid&marketplace=FLIPKART
MOBHEP9WBHDTWP4M,Chinmoy,1237,https://www.flipkart.com/oppo-k13-turbo-5g-white-knight-256-gb/p/itm3692362cd3df3?pid=MOBHEP9WBHDTWP4M&lid=LSTMOBHEP9WBHDTWP4MFAQC0P&marketplace=FLIPKART&store=tyy%2F4io&srno=b_2_34&otracker=browse&fm=organic&iid=2374fe26-5596-415b-ab7a-a38dc27ca7ac.MOBHEP9WBHDTWP4M.SEARCH&ppt=browse&ppn=browse&ov_redirect=true,https://www.flipkart.com/oppo-k13-turbo-5g-white-knight-256-gb/product-reviews/itm3692362cd3df3?pid=MOBHEP9WBHDTWP4M&lid&marketplace=FLIPKART
MOBHH69N2XATECZZ,Chinmoy,1599,https://www.flipkart.com/vivo-t5x-5g-star-silver-128-gb/p/itm7da8aa253e72b?pid=MOBHH69N2XATECZZ&lid=LSTMOBHH69N2XATECZZPPRNX7&marketplace=FLIPKART&store=tyy%2F4io&srno=b_1_22&otracker=browse&fm=organic&iid=cbc8e1f0-8b76-4c34-b097-c3a574a9117d.MOBHH69N2XATECZZ.SEARCH&ppt=browse&ppn=browse&ov_redirect=true,https://www.flipkart.com/vivo-t5x-5g-star-silver-128-gb/product-reviews/itm7da8aa253e72b?pid=MOBHH69N2XATECZZ&lid&marketplace=FLIPKART
MOBHH69NHR7WUR3H,Chinmoy,1599,https://www.flipkart.com/vivo-t5x-5g-star-silver-256-gb/p/itm7da8aa253e72b?pid=MOBHH69NHR7WUR3H&lid=LSTMOBHH69NHR7WUR3HYBC1AF&marketplace=FLIPKART&store=tyy%2F4io&srno=b_1_10&otracker=browse&fm=organic&iid=cbc8e1f0-8b76-4c34-b097-c3a574a9117d.MOBHH69NHR7WUR3H.SEARCH&ppt=browse&ppn=browse&ov_redirect=true,https://www.flipkart.com/vivo-t5x-5g-star-silver-256-gb/product-reviews/itm7da8aa253e72b?pid=MOBHH69NHR7WUR3H&lid=LSTMOBHH69NHR7WUR3HYBC1AF&marketplace=FLIPKART
MOBHH69NM5ERRNFT,Chinmoy,1599,https://www.flipkart.com/vivo-t5x-5g-cyber-green-128-gb/p/itm7da8aa253e72b?pid=MOBHH69NM5ERRNFT&lid=LSTMOBHH69NM5ERRNFTB1RHB5&marketplace=FLIPKART&store=tyy%2F4io&srno=b_2_33&otracker=browse&fm=organic&iid=b5705031-a3b2-4a6e-9f31-9d9c673a4f96.MOBHH69NM5ERRNFT.SEARCH&ppt=browse&ppn=browse&ov_redirect=true,https://www.flipkart.com/vivo-t5x-5g-cyber-green-128-gb/product-reviews/itm7da8aa253e72b?pid=MOBHH69NM5ERRNFT&lid&marketplace=FLIPKART
MOBHH69NQGVVYQSG,Chinmoy,1599,https://www.flipkart.com/vivo-t5x-5g-cyber-green-256-gb/p/itm7da8aa253e72b?pid=MOBHH69NQGVVYQSG&lid=LSTMOBHH69NQGVVYQSGAVFZV6&marketplace=FLIPKART&store=tyy%2F4io&srno=b_1_14&otracker=browse&fm=organic&iid=cbc8e1f0-8b76-4c34-b097-c3a574a9117d.MOBHH69NQGVVYQSG.SEARCH&ppt=browse&ppn=browse&ov_redirect=true,https://www.flipkart.com/vivo-t5x-5g-cyber-green-256-gb/product-reviews/itm7da8aa253e72b?pid=MOBHH69NQGVVYQSG&lid&marketplace=FLIPKART
MOBHH69NRE6PHFBH,Chinmoy,1197,https://www.flipkart.com/vivo-t5x-5g-star-silver-128-gb/p/itm7da8aa253e72b?pid=MOBHH69NRE6PHFBH&lid=LSTMOBHH69NRE6PHFBHJHMXME&marketplace=FLIPKART&store=tyy%2F4io&srno=b_2_36&otracker=browse&fm=organic&iid=b5705031-a3b2-4a6e-9f31-9d9c673a4f96.MOBHH69NRE6PHFBH.SEARCH&ppt=browse&ppn=browse&ov_redirect=true,https://www.flipkart.com/vivo-t5x-5g-star-silver-128-gb/product-reviews/itm7da8aa253e72b?pid=MOBHH69NRE6PHFBH&lid&marketplace=FLIPKART
MOBHHFUSK8V5EJUM,Chinmoy,2151,https://www.flipkart.com/lava-a1-josh/p/itme1f79c8bba88a?pid=MOBHHFUSK8V5EJUM&lid=LSTMOBHHFUSK8V5EJUMO9MR6R&marketplace=FLIPKART&store=tyy%2F4io&srno=b_4_76&otracker=browse&fm=organic&iid=f4022064-0c46-442d-a907-fcace891c60d.MOBHHFUSK8V5EJUM.SEARCH&ppt=browse&ppn=browse&ov_redirect=true,https://www.flipkart.com/lava-a1-josh/product-reviews/itme1f79c8bba88a?pid=MOBHHFUSK8V5EJUM&lid&marketplace=FLIPKART
MOBHJK5MSMEHG5XS,Chinmoy,1621,https://www.flipkart.com/vivo-x200t-seaside-lilac-512-gb/p/itm1b8452d68859b?pid=MOBHJK5MSMEHG5XS&lid=LSTMOBHJK5MSMEHG5XSU1PYIA&marketplace=FLIPKART&store=tyy%2F4io&srno=b_2_30&otracker=browse&fm=organic&iid=b5705031-a3b2-4a6e-9f31-9d9c673a4f96.MOBHJK5MSMEHG5XS.SEARCH&ppt=browse&ppn=browse&ov_redirect=true,https://www.flipkart.com/vivo-x200t-seaside-lilac-512-gb/product-reviews/itm1b8452d68859b?pid=MOBHJK5MSMEHG5XS&lid&marketplace=FLIPKART
MOBHMGHHMFGB82H9,Chinmoy,1985,https://www.flipkart.com/samsung-galaxy-f06-5g-bahama-blue-128-gb/p/itmc1c2297bdfa31?pid=MOBHMGHHMFGB82H9&lid=LSTMOBHMGHHMFGB82H9KLU2MA&marketplace=FLIPKART&store=tyy%2F4io&srno=b_3_50&otracker=browse&fm=organic&iid=128db7c6-436c-4a56-827e-45a387816fae.MOBHMGHHMFGB82H9.SEARCH&ppt=browse&ppn=browse&ov_redirect=true,https://www.flipkart.com/samsung-galaxy-f06-5g-bahama-blue-128-gb/product-reviews/itmc1c2297bdfa31?pid=MOBHMGHHMFGB82H9&lid&marketplace=FLIPKART
MOBHN973FFYHGUGG,Chinmoy,1543,https://www.flipkart.com/motorola-g06-power-pantone-tapestry-64-gb/p/itm29390fa68401d?pid=MOBHN973FFYHGUGG&lid=LSTMOBHN973FFYHGUGG27JKDQ&marketplace=FLIPKART&store=tyy%2F4io&srno=b_1_8&otracker=browse&fm=organic&iid=c4cd39aa-7392-49f6-bab0-504167955130.MOBHN973FFYHGUGG.SEARCH&ppt=browse&ppn=browse&ssid=t7bciivc2o0000001787002457646&ov_redirect=true,https://www.flipkart.com/motorola-g06-power-pantone-tapestry-64-gb/product-reviews/itm29390fa68401d?pid=MOBHN973FFYHGUGG&lid&marketplace=FLIPKART
MOBHN974GHFYSJNH,Chinmoy,3840,https://www.flipkart.com/motorola-g57-power-5g-snapdragon-pantone-corsair-128-gb/p/itm8332e9aa80c32?pid=MOBHN974GHFYSJNH&lid=LSTMOBHN974GHFYSJNH7KFUEZ&marketplace=FLIPKART&store=tyy%2F4io&spotlightTagId=default_BestsellerId_tyy%2F4io&srno=b_1_16&otracker=browse&fm=organic&iid=c4cd39aa-7392-49f6-bab0-504167955130.MOBHN974GHFYSJNH.SEARCH&ppt=browse&ppn=browse&ssid=t7bciivc2o0000001787002457646&ov_redirect=true,https://www.flipkart.com/motorola-g57-power-5g-snapdragon-pantone-corsair-128-gb/product-reviews/itm8332e9aa80c32?pid=MOBHN974GHFYSJNH&lid&marketplace=FLIPKART
MOBHN974GP9AXZEC,Chinmoy,3366,https://www.flipkart.com/motorola-edge-60-fusion-5g-pantone-zephyr-256-gb/p/itm64e3872f24188?pid=MOBHN974GP9AXZEC&lid=LSTMOBHN974GP9AXZEC6NHT6R&marketplace=FLIPKART&store=tyy%2F4io&srno=b_1_22&otracker=browse&fm=organic&iid=c4cd39aa-7392-49f6-bab0-504167955130.MOBHN974GP9AXZEC.SEARCH&ppt=browse&ppn=browse&ssid=t7bciivc2o0000001787002457646&ov_redirect=true,https://www.flipkart.com/motorola-edge-60-fusion-5g-pantone-zephyr-256-gb/product-reviews/itm64e3872f24188?pid=MOBHN974GP9AXZEC&lid&marketplace=FLIPKART
MOBHN974M3HHQ7CT,Chinmoy,3840,https://www.flipkart.com/motorola-g57-power-5g-snapdragon-pantone-fluidity-128-gb/p/itm91f63bac8cd0f?pid=MOBHN974M3HHQ7CT&lid=LSTMOBHN974M3HHQ7CTSKENUK&marketplace=FLIPKART&store=tyy%2F4io&spotlightTagId=default_BestsellerId_tyy%2F4io&srno=b_1_23&otracker=browse&fm=organic&iid=c4cd39aa-7392-49f6-bab0-504167955130.MOBHN974M3HHQ7CT.SEARCH&ppt=browse&ppn=browse&ssid=t7bciivc2o0000001787002457646&ov_redirect=true,https://www.flipkart.com/motorola-g57-power-5g-snapdragon-pantone-fluidity-128-gb/product-reviews/itm91f63bac8cd0f?pid=MOBHN974M3HHQ7CT&lid&marketplace=FLIPKART
MOBHNCRKA4XQFSRM,Chinmoy,1851,https://www.flipkart.com/vivo-t4-lite-5g-prism-blue-2026-4gb-64gb/p/itm49fb53d099f3c?pid=MOBHNCRKA4XQFSRM&lid=LSTMOBHNCRKA4XQFSRMKUYMUR&marketplace=FLIPKART&store=tyy%2F4io&srno=b_1_19&otracker=browse&fm=organic&iid=cbc8e1f0-8b76-4c34-b097-c3a574a9117d.MOBHNCRKA4XQFSRM.SEARCH&ppt=browse&ppn=browse&ov_redirect=true,https://www.flipkart.com/vivo-t4-lite-5g-prism-blue-2026-4gb-64gb/product-reviews/itm49fb53d099f3c?pid=MOBHNCRKA4XQFSRM&lid&marketplace=FLIPKART
MOBHNCRKN8ZBGAJR,Chinmoy,1851,https://www.flipkart.com/vivo-t4-lite-5g-titanium-gold-2026-4gb-128gb/p/itm49fb53d099f3c?pid=MOBHNCRKN8ZBGAJR&lid=LSTMOBHNCRKN8ZBGAJREUTFV0&marketplace=FLIPKART&store=tyy%2F4io&srno=b_1_13&otracker=browse&fm=organic&iid=cbc8e1f0-8b76-4c34-b097-c3a574a9117d.MOBHNCRKN8ZBGAJR.SEARCH&ppt=browse&ppn=browse&ov_redirect=true,https://www.flipkart.com/vivo-t4-lite-5g-titanium-gold-2026-4gb-128gb/product-reviews/itm49fb53d099f3c?pid=MOBHNCRKN8ZBGAJR&lid&marketplace=FLIPKART
MOBHNCRKRGZ4MJDK,Chinmoy,1851,https://www.flipkart.com/vivo-t4-lite-5g-prism-blue-2026-4gb-128gb/p/itm49fb53d099f3c?pid=MOBHNCRKRGZ4MJDK&lid=LSTMOBHNCRKRGZ4MJDKTRQ94M&marketplace=FLIPKART&store=tyy%2F4io&srno=b_1_24&otracker=browse&fm=organic&iid=cbc8e1f0-8b76-4c34-b097-c3a574a9117d.MOBHNCRKRGZ4MJDK.SEARCH&ppt=browse&ppn=browse&ov_redirect=true,https://www.flipkart.com/vivo-t4-lite-5g-prism-blue-2026-4gb-128gb/product-reviews/itm49fb53d099f3c?pid=MOBHNCRKRGZ4MJDK&lid&marketplace=FLIPKART
MOBHNCRKYQAYV5ZC,Chinmoy,2376,https://www.flipkart.com/vivo-t4-lite-5g-titanium-gold-2026-6gb-128gb/p/itm49fb53d099f3c?pid=MOBHNCRKYQAYV5ZC&lid=LSTMOBHNCRKYQAYV5ZCT08IBQ&marketplace=FLIPKART&store=tyy%2F4io&srno=b_2_34&otracker=browse&fm=organic&iid=b5705031-a3b2-4a6e-9f31-9d9c673a4f96.MOBHNCRKYQAYV5ZC.SEARCH&ppt=browse&ppn=browse&ov_redirect=true,https://www.flipkart.com/vivo-t4-lite-5g-titanium-gold-2026-6gb-128gb/product-reviews/itm49fb53d099f3c?pid=MOBHNCRKYQAYV5ZC&lid&marketplace=FLIPKART
NDFG5YYHZRSHM7KS,Chinmoy,2327,https://www.flipkart.com/happilo-premium-natural-whole-kaju-cashews/p/itm74fe799eedf4a?pid=NDFG5YYHZRSHM7KS&lid=LSTNDFG5YYHZRSHM7KSE2OJ76&marketplace=FLIPKART&store=eat&srno=b_4_159&otracker=browse&fm=neo%2Fmerchandising&iid=7e2b1b41-70d5-4a94-ab35-1a260b7434e4.NDFG5YYHZRSHM7KS.SEARCH&ppt=browse&ppn=browse&ov_redirect=true&ov_redirect=true,https://www.flipkart.com/happilo-premium-natural-whole-kaju-cashews/product-reviews/itm74fe799eedf4a?pid=NDFG5YYHZRSHM7KS&lid&marketplace=FLIPKART
NDFGAUFQURHCFEWG,Chinmoy,1949,https://www.flipkart.com/scorist-popular-raw-cashew-500g-cashews/p/itm4f8e415d62161?pid=NDFGAUFQURHCFEWG&lid=LSTNDFGAUFQURHCFEWGUWT7G3&marketplace=FLIPKART&store=eat&srno=b_2_77&otracker=browse&fm=neo%2Fmerchandising&iid=en_uSur0RnqkGhOsE5n6-HoZeiKqY4RU-cQqYLoN1Kr9mZk_sfmBp3aoGo8idXjQSC5Qxl1WdaD9U_x_RPaG_4af3t_Rmqx6bp-uWUw9eXl7kljJrG_GlcTDT3OwiBeXIKi&ppt=browse&ppn=browse&ov_redirect=true&ov_redirect=true,https://www.flipkart.com/scorist-popular-raw-cashew-500g-cashews/product-reviews/itm4f8e415d62161?pid=NDFGAUFQURHCFEWG&lid&marketplace=FLIPKART
NDFGEE4TEFZKQAEJ,Chinmoy,122,https://www.flipkart.com/royal-honey-dryfruit-mix-500g-cashews-walnuts-pistachios-figs-almonds-apricots-raisins-dates/p/itm753ea9cfa21e8?pid=NDFGEE4TEFZKQAEJ&lid=LSTNDFGEE4TEFZKQAEJP34HZH&marketplace=FLIPKART&store=eat&srno=b_1_28&otracker=browse&fm=neo%2Fmerchandising&iid=en_9zlsNy-Ky2meLORTN0Th5dkHdXfBvhbIDITaIdwNaT1wshuvcW98OdttjxkxrUdp-VvZs2fJxsd6dStSZE-VF9WXU8yVmgCQnkV_ht787nj0qXX4r1W_P6Z8CesaOML7&ppt=browse&ppn=browse&ov_redirect=true&ov_redirect=true,https://www.flipkart.com/royal-honey-dryfruit-mix-500g-cashews-walnuts-pistachios-figs-almonds-apricots-raisins-dates/product-reviews/itm753ea9cfa21e8?pid=NDFGEE4TEFZKQAEJ&lid=LSTNDFGEE4TEFZKQAEJP34HZH&marketplace=FLIPKART
NDFGGGGUJHJGRMZC,Chinmoy,610,https://www.flipkart.com/pramix-dry-fruits-combo-pack-almond-cashew-golden-raisins-pistachios-400g-almonds-cashews/p/itmb3552abcc22a8?pid=NDFGGGGUJHJGRMZC&lid=LSTNDFGGGGUJHJGRMZCSGR4YD&marketplace=FLIPKART&store=eat&srno=b_5_181&otracker=browse&fm=neo%2Fmerchandising&iid=en_0jvYzN0S0eVzpVwEIHPEEX-7Iqeftkc5FXPOeJKSUPMqqyOe2xLHJCkorkn_lI5f76ZFMiSnAw0Zw-H_oom6mJ652TlJ2Hqw7YYrY22y6ZN_dvfKvFU6deaKQ1jv4cl6&ppt=browse&ppn=browse&ov_redirect=true&ov_redirect=true,https://www.flipkart.com/pramix-dry-fruits-combo-pack-almond-cashew-golden-raisins-pistachios-400g-almonds-cashews/product-reviews/itmb3552abcc22a8?pid=NDFGGGGUJHJGRMZC&lid&marketplace=FLIPKART
NDFGQH49DJDHQAUE,Chinmoy,542,https://www.flipkart.com/organic-purify-fresh-dry-fruits-nutmix-mix-seeds-eating-almonds-cashews-assorted-nuts-figs-black-currant-pistachios-watermelon/p/itm955a44f9242a6?pid=NDFGQH49DJDHQAUE&lid=LSTNDFGQH49DJDHQAUEVBDFU9&marketplace=FLIPKART&store=eat&srno=b_2_78&otracker=browse&fm=neo%2Fmerchandising&iid=en_uSur0RnqkGhOsE5n6-HoZeiKqY4RU-cQqYLoN1Kr9mbXaQc_lxM0whZyrNf0JxbyNIAYusQPI6dctEg-sRb2PgK1dSYTNlpXyfuS7firp71YczHquhVo3zF9WYECgKt5&ppt=browse&ppn=browse&ov_redirect=true&ov_redirect=true,https://www.flipkart.com/organic-purify-fresh-dry-fruits-nutmix-mix-seeds-eating-almonds-cashews-assorted-nuts-figs-black-currant-pistachios-watermelon/product-reviews/itm955a44f9242a6?pid=NDFGQH49DJDHQAUE&lid&marketplace=FLIPKART
NDFGSKY5K29RFNUY,Chinmoy,1566,https://www.flipkart.com/nutraj-gold-arabian-dates-1-5-kg-khajoor/p/itm09f6c8a2325f8?pid=NDFGSKY5K29RFNUY&lid=LSTNDFGSKY5K29RFNUYZL6LUH&marketplace=FLIPKART&store=eat&srno=b_5_166&otracker=browse&fm=neo%2Fmerchandising&iid=0f192add-131f-4cbe-90e5-d41a7defe61c.NDFGSKY5K29RFNUY.SEARCH&ppt=browse&ppn=browse&ov_redirect=true&ov_redirect=true,https://www.flipkart.com/nutraj-gold-arabian-dates-1-5-kg-khajoor/product-reviews/itm09f6c8a2325f8?pid=NDFGSKY5K29RFNUY&lid&marketplace=FLIPKART
NDFGUSZ52NZZS6KR,Chinmoy,1178,https://www.flipkart.com/yum-dry-fruits-combo-pack-5-healthy-badam-kaju-pista-kishmish-akhrot-750g-almonds-cashews-pistachios-raisins-walnuts/p/itm2c84f0d2755e9?pid=NDFGUSZ52NZZS6KR&lid=LSTNDFGUSZ52NZZS6KRMABNLZ&marketplace=FLIPKART&store=eat&srno=b_5_200&otracker=browse&fm=neo%2Fmerchandising&iid=0f192add-131f-4cbe-90e5-d41a7defe61c.NDFGUSZ52NZZS6KR.SEARCH&ppt=browse&ppn=browse&ov_redirect=true&ov_redirect=true,https://www.flipkart.com/yum-dry-fruits-combo-pack-5-healthy-badam-kaju-pista-kishmish-akhrot-750g-almonds-cashews-pistachios-raisins-walnuts/product-reviews/itm2c84f0d2755e9?pid=NDFGUSZ52NZZS6KR&lid&marketplace=FLIPKART
NDFGY5SB6BPHEUNK,Chinmoy,595,https://www.flipkart.com/wonderland-foods-premium-arabian-dates-1kg-soft-chewy-texture-khajur-khajoor/p/itmf74be6bd68837?pid=NDFGY5SB6BPHEUNK&lid=LSTNDFGY5SB6BPHEUNKPI7O6A&marketplace=FLIPKART&store=eat&srno=b_5_174&otracker=browse&fm=neo%2Fmerchandising&iid=0f192add-131f-4cbe-90e5-d41a7defe61c.NDFGY5SB6BPHEUNK.SEARCH&ppt=browse&ppn=browse&ov_redirect=true&ov_redirect=true,https://www.flipkart.com/wonderland-foods-premium-arabian-dates-1kg-soft-chewy-texture-khajur-khajoor/product-reviews/itmf74be6bd68837?pid=NDFGY5SB6BPHEUNK&lid&marketplace=FLIPKART
NDFH4FGYKTRYF3MW,Chinmoy,656,https://www.flipkart.com/nutri-delight-trail-mix-mixed-dry-fruits-berries-seeds-12-1-healthy-snack-panchmeva-almonds-apricots-cashews-figs-dates-raisins-kiwi-assorted-nuts/p/itm74abbfe14db3b?pid=NDFH4FGYKTRYF3MW&lid=LSTNDFH4FGYKTRYF3MW2O5ASN&marketplace=FLIPKART&store=eat&srno=b_1_15&otracker=browse&fm=neo%2Fmerchandising&iid=en_9zlsNy-Ky2meLORTN0Th5dkHdXfBvhbIDITaIdwNaT1-TIKSLdPCBKUojaM_T40G_W5WL-4tnrxxgRmzmfIDOo7rjXTof5gi03dmJQN264f0qXX4r1W_P6Z8CesaOML7&ppt=browse&ppn=browse&ov_redirect=true&ov_redirect=true,https://www.flipkart.com/nutri-delight-trail-mix-mixed-dry-fruits-berries-seeds-12-1-healthy-snack-panchmeva-almonds-apricots-cashews-figs-dates-raisins-kiwi-assorted-nuts/product-reviews/itm74abbfe14db3b?pid=NDFH4FGYKTRYF3MW&lid=LSTNDFH4FGYKTRYF3MW2O5ASN&marketplace=FLIPKART
NDFH4NRJX23TAX8Z,Chinmoy,3060,https://www.flipkart.com/nature-aahar-mix-dry-fruit-panchmeva-500gm-jar-almonds-cashews-raisins-dates-pistachios-figs-assorted-fruits-nuts/p/itmd75ff483e598e?pid=NDFH4NRJX23TAX8Z&lid=LSTNDFH4NRJX23TAX8Z7GIX2B&marketplace=FLIPKART&store=eat&srno=b_1_40&otracker=browse&fm=neo%2Fmerchandising&iid=4d902517-72cf-4645-96d3-a8ad5e54456d.NDFH4NRJX23TAX8Z.SEARCH&ppt=browse&ppn=browse&ov_redirect=true&ov_redirect=true,https://www.flipkart.com/nature-aahar-mix-dry-fruit-panchmeva-500gm-jar-almonds-cashews-raisins-dates-pistachios-figs-assorted-fruits-nuts/product-reviews/itmd75ff483e598e?pid=NDFH4NRJX23TAX8Z&lid=LSTNDFH4NRJX23TAX8Z7GIX2B&marketplace=FLIPKART
NDFH4VAYW7QDQDHD,Chinmoy,855,https://www.flipkart.com/hai-prabhu-premium-healthy-dry-fruit-mix-combo-cashew-almond-raisins-apricot-pista-almonds-cashews-apricots-amla-pistachios-raisins-kiwi-assorted-fruits-nuts-dates/p/itmacc1778e50150?pid=NDFH4VAYW7QDQDHD&lid=LSTNDFH4VAYW7QDQDHDO84BUY&marketplace=FLIPKART&store=eat&srno=b_1_8&otracker=browse&fm=neo%2Fmerchandising&iid=4d902517-72cf-4645-96d3-a8ad5e54456d.NDFH4VAYW7QDQDHD.SEARCH&ppt=browse&ppn=browse&ov_redirect=true&ov_redirect=true,https://www.flipkart.com/hai-prabhu-premium-healthy-dry-fruit-mix-combo-cashew-almond-raisins-apricot-pista-almonds-cashews-apricots-amla-pistachios-raisins-kiwi-assorted-fruits-nuts-dates/product-reviews/itmacc1778e50150?pid=NDFH4VAYW7QDQDHD&lid=LSTNDFH4VAYW7QDQDHDO84BUY&marketplace=FLIPKART
NDFH9JYF5XKYAFDY,Chinmoy,1216,https://www.flipkart.com/frozen-nuts-premium-mewa-mix-almonds-cashews-kiwi-walnuts-apricots-dates-blueberry-assorted-fruits/p/itmb599a803d76cb?pid=NDFH9JYF5XKYAFDY&lid=LSTNDFH9JYF5XKYAFDYWXRLDS&marketplace=FLIPKART&store=eat&srno=b_3_107&otracker=browse&fm=neo%2Fmerchandising&iid=en_chjokHFHZ4vGxmX388ZqTDu8kYcZYMWE7lQDJ8SvJ-O4JOcKKLWrOfRRgwnyNEwBArq8H5aD9j5T6sZE6Lde23p8cE4222Q8XDAoDyE5VkpWpdgN5kaFnoCWjgmBIntm&ppt=browse&ppn=browse&ov_redirect=true&ov_redirect=true,https://www.flipkart.com/frozen-nuts-premium-mewa-mix-almonds-cashews-kiwi-walnuts-apricots-dates-blueberry-assorted-fruits/product-reviews/itmb599a803d76cb?pid=NDFH9JYF5XKYAFDY&lid&marketplace=FLIPKART
NDFHA2Y4TAKVAKUR,Chinmoy,388,https://www.flipkart.com/dailyherbs-mix-dry-fruit-panchmeva-500gm-a-almonds-cashews-raisins-apricots-assorted-seeds-nuts/p/itmb82d0012d11dc?pid=NDFHA2Y4TAKVAKUR&lid=LSTNDFHA2Y4TAKVAKURXAFSCW&marketplace=FLIPKART&store=eat&srno=b_5_163&otracker=browse&fm=neo%2Fmerchandising&iid=0f192add-131f-4cbe-90e5-d41a7defe61c.NDFHA2Y4TAKVAKUR.SEARCH&ppt=browse&ppn=browse&ov_redirect=true&ov_redirect=true,https://www.flipkart.com/dailyherbs-mix-dry-fruit-panchmeva-500gm-a-almonds-cashews-raisins-apricots-assorted-seeds-nuts/product-reviews/itmb82d0012d11dc?pid=NDFHA2Y4TAKVAKUR&lid&marketplace=FLIPKART
NDFHA6J73SYAKAX2,Chinmoy,315,https://www.flipkart.com/granic-farms-mix-dry-fruits-mixed-fruits/p/itm189b74d6e6c54?pid=NDFHA6J73SYAKAX2&lid=LSTNDFHA6J73SYAKAX2WQ4K45&marketplace=FLIPKART&store=eat&srno=b_1_4&otracker=browse&fm=neo%2Fmerchandising&iid=4d902517-72cf-4645-96d3-a8ad5e54456d.NDFHA6J73SYAKAX2.SEARCH&ppt=browse&ppn=browse&ov_redirect=true&ov_redirect=true,https://www.flipkart.com/granic-farms-mix-dry-fruits-mixed-fruits/product-reviews/itm189b74d6e6c54?pid=NDFHA6J73SYAKAX2&lid=LSTNDFHA6J73SYAKAX2WQ4K45&marketplace=FLIPKART
NDFHBMNRMETFYHRW,Chinmoy,125,https://www.flipkart.com/mrherb-dry-fruits-edible-seeds-mix-nine-superfoods-mixture-all-premium-almonds-cashews-pistachios-amla-apricots-raisins-dates-kiwi-figs-watermelon/p/itmc9f3f715234b1?pid=NDFHBMNRMETFYHRW&lid=LSTNDFHBMNRMETFYHRWAR6VJQ&marketplace=FLIPKART&store=eat&srno=b_5_185&otracker=browse&fm=neo%2Fmerchandising&iid=en_0jvYzN0S0eVzpVwEIHPEEX-7Iqeftkc5FXPOeJKSUPPnLlvoUZhHfJaKzFXFkhj5pCiM1etXIaMozcAtiPepATY2XbuZv3ynKWsrH2GadtVjQ4F-GXx8G_BzKk1AXWuN&ppt=browse&ppn=browse&ov_redirect=true&ov_redirect=true,https://www.flipkart.com/mrherb-dry-fruits-edible-seeds-mix-nine-superfoods-mixture-all-premium-almonds-cashews-pistachios-amla-apricots-raisins-dates-kiwi-figs-watermelon/product-reviews/itmc9f3f715234b1?pid=NDFHBMNRMETFYHRW&lid&marketplace=FLIPKART
NDFHC6GGJFGASSJ7,Chinmoy,34,https://www.flipkart.com/open-secret-premium-dry-fruits-combo-badam-almonds-cashews-pistachios-kishmish-raisins-assorted-nuts/p/itmbe80141e69ce6?pid=NDFHC6GGJFGASSJ7&lid=LSTNDFHC6GGJFGASSJ7YTQDXL&marketplace=FLIPKART&store=eat&srno=b_1_2&otracker=browse&fm=neo%2Fmerchandising&iid=en_9zlsNy-Ky2meLORTN0Th5dkHdXfBvhbIDITaIdwNaT1TDhBG7FBVpe5I36HRG_CveeBGONS46WPFoNs9EnsI0pXlg4Gj9jKbGcG7006TghU4-iYW2R6D5egAkIkPxPRi&ppt=browse&ppn=browse&ov_redirect=true&ov_redirect=true,https://www.flipkart.com/open-secret-premium-dry-fruits-combo-badam-almonds-cashews-pistachios-kishmish-raisins-assorted-nuts/product-reviews/itmbe80141e69ce6?pid=NDFHC6GGJFGASSJ7&lid&marketplace=FLIPKART
NDFHGUEV9DDGPUSN,Chinmoy,236,https://www.flipkart.com/blk-foods-select-1kg-dry-dates-brown-sukha-khajoor-chuara-kharek/p/itm62daa7e2cc0b5?pid=NDFHGUEV9DDGPUSN&lid=LSTNDFHGUEV9DDGPUSNQBXDWG&marketplace=FLIPKART&store=eat&srno=b_1_19&otracker=browse&fm=neo%2Fmerchandising&iid=4d902517-72cf-4645-96d3-a8ad5e54456d.NDFHGUEV9DDGPUSN.SEARCH&ppt=browse&ppn=browse&ov_redirect=true&ov_redirect=true,https://www.flipkart.com/blk-foods-select-1kg-dry-dates-brown-sukha-khajoor-chuara-kharek/product-reviews/itm62daa7e2cc0b5?pid=NDFHGUEV9DDGPUSN&lid=LSTNDFHGUEV9DDGPUSNQBXDWG&marketplace=FLIPKART
NDFHKHNCHTSVFHMT,Chinmoy,553,https://www.flipkart.com/shivaay-trial-nut-mix-dryfruits-seeds-1kg/p/itm761b394bd37c6?pid=NDFHKHNCHTSVFHMT&lid=LSTNDFHKHNCHTSVFHMTRKOKRA&marketplace=FLIPKART&store=eat&srno=b_1_1&otracker=browse&fm=neo%2Fmerchandising&iid=en_9zlsNy-Ky2meLORTN0Th5dkHdXfBvhbIDITaIdwNaT2eLVxGy0TWYhSvAzxGxHtQP7B6VV9hIYtwIAWuj02xEY8LXiwXD4o_poybSWFkYmJGf4ewNZMhIFB8kTZDrt6V&ppt=browse&ppn=browse&ssid=ua9jjwd7ts0000001786998933773&ov_redirect=true&ov_redirect=true,https://www.flipkart.com/shivaay-trial-nut-mix-dryfruits-seeds-1kg/product-reviews/itm761b394bd37c6?pid=NDFHKHNCHTSVFHMT&lid=LSTNDFHKHNCHTSVFHMTRKOKRA&marketplace=FLIPKART
NKCG648GGWFJDMTV,Komol,500,https://www.flipkart.com/minprice-waterproof-pure-stainless-steel-silver-2mm-round-thin-neck-chain-sterling-plated/p/itmf073279e361ae?pid=NKCG648GGWFJDMTV&lid=LSTNKCG648GGWFJDMTVR3JP0W&marketplace=FLIPKART&store=mcr%2F96v&srno=b_1_4&otracker=browse&fm=organic&iid=24c3de78-6173-4bbc-aa2e-81a615935682.NKCG648GGWFJDMTV.SEARCH&ppt=browse&ppn=browse&ssid=wtjf5kfykg0000001786999400941&ov_redirect=true,https://www.flipkart.com/minprice-waterproof-pure-stainless-steel-silver-2mm-round-thin-neck-chain-sterling-plated/product-reviews/itmf073279e361ae?pid=NKCG648GGWFJDMTV&lid=LSTNKCG648GGWFJDMTVR3JP0W&marketplace=FLIPKART
NKCGJP3ZBF8GGZAS,Komol,90,https://www.flipkart.com/adoxy-short-size-19-20-inch-color-yellow-men-boys-gold-plated-plated-brass-chain/p/itme8ce479a553f2?pid=NKCGJP3ZBF8GGZAS&lid=LSTNKCGJP3ZBF8GGZASHB9AVS&hl_lid=&marketplace=FLIPKART&fm=eyJ3dHAiOiJyZWNvIiwicHJwdCI6InBwIiwibWlkIjoicHJvZHVjdFJlY29tbWVuZGF0aW9uL3NpbWlsYXIifQ%3D%3D,https://www.flipkart.com/adoxy-short-size-19-20-inch-color-yellow-men-boys-gold-plated-plated-brass-chain/product-reviews/itme8ce479a553f2?pid=NKCGJP3ZBF8GGZAS&lid=LSTNKCGJP3ZBF8GGZASHB9AVS&marketplace=FLIPKART
NKCGK3HCGVTYGWZD,Komol,140,https://www.flipkart.com/minprice-high-quality-6mm-patti-trendy-neck-gold-plated-plated-stainless-steel-chain/p/itm7c67bde16f7c7?pid=NKCGK3HCGVTYGWZD&lid=LSTNKCGK3HCGVTYGWZDJLNRFU&marketplace=FLIPKART&store=mcr%2F96v&srno=b_1_5&otracker=browse&fm=organic&iid=24c3de78-6173-4bbc-aa2e-81a615935682.NKCGK3HCGVTYGWZD.SEARCH&ppt=browse&ppn=browse&ov_redirect=true,https://www.flipkart.com/minprice-high-quality-6mm-patti-trendy-neck-gold-plated-plated-stainless-steel-chain/product-reviews/itm7c67bde16f7c7?pid=NKCGK3HCGVTYGWZD&lid=LSTNKCGK3HCGVTYGWZDJLNRFU&marketplace=FLIPKART
PWBGFJGA6KN2CUBJ,Chinmoy,665,https://www.flipkart.com/callmate-10000-mah-15-w-slim-pocket-size-power-bank/p/itmcf405aedc6f51?pid=PWBGFJGA6KN2CUBJ&lid=LSTPWBGFJGA6KN2CUBJ1XBH0O&marketplace=FLIPKART&store=tyy%2F4mr%2Ffu6&srno=b_1_8&otracker=browse&fm=neo%2Fmerchandising&iid=0f3fd74d-6cc4-4920-ba2e-08688ee8e6a7.PWBGFJGA6KN2CUBJ.SEARCH&ppt=browse&ppn=browse&ssid=7ov3qapx800000001787002767295&ov_redirect=true&ov_redirect=true,https://www.flipkart.com/callmate-10000-mah-15-w-slim-pocket-size-power-bank/product-reviews/itmcf405aedc6f51?pid=PWBGFJGA6KN2CUBJ&lid&marketplace=FLIPKART
PWBGR4KGPGR78CWA,Chinmoy,6216,https://www.flipkart.com/boat-10000-mah-22-5-w-slim-pocket-size-power-bank/p/itm8497509b70822?pid=PWBGR4KGPGR78CWA&lid=LSTPWBGR4KGPGR78CWAVKKGDK&marketplace=FLIPKART&store=tyy%2F4mr%2Ffu6&srno=b_1_1&otracker=browse&fm=neo%2Fmerchandising&iid=en_M9zgO-jhDfFE2n9GAer5C8fox57IHmCq63sLcFgDUt_8Rwvh22U--CZXzpVLa2pcU-Zp9OHWls9OLATucJMjTzotLn-s4QcJTCPj5CB_pw3Q0t1t08X1V9jZplSfbi11&ppt=browse&ppn=browse&ssid=7ov3qapx800000001787002767295&ov_redirect=true&ov_redirect=true,https://www.flipkart.com/boat-10000-mah-22-5-w-slim-pocket-size-power-bank/product-reviews/itm8497509b70822?pid=PWBGR4KGPGR78CWA&lid&marketplace=FLIPKART
PWBGVJFP9R39KAAM,Chinmoy,16968,https://www.flipkart.com/boat-20000-mah-22-5-w-slim-power-bank/p/itmd3c45739f05df?pid=PWBGVJFP9R39KAAM&lid=LSTPWBGVJFP9R39KAAMXWVKKO&marketplace=FLIPKART&store=tyy%2F4mr%2Ffu6&srno=b_1_31&otracker=browse&fm=neo%2Fmerchandising&iid=en_M9zgO-jhDfFE2n9GAer5C8fox57IHmCq63sLcFgDUt_smjChTw9j7K1mFjPW1p0bBuHIj4jhiluoPeQ8fGn2VN5AdWIjwiI4DRWCOgjX9jMnSNaBvDQsUjXWZpfOQxse&ppt=browse&ppn=browse&ssid=7ov3qapx800000001787002767295&ov_redirect=true&ov_redirect=true,https://www.flipkart.com/boat-20000-mah-22-5-w-slim-power-bank/product-reviews/itmd3c45739f05df?pid=PWBGVJFP9R39KAAM&lid&marketplace=FLIPKART
PWBH2GHHHZZB4D3U,Chinmoy,28872,https://www.flipkart.com/mi-10000-mah-22-5-w-power-bank/p/itm0bbd6e648368b?pid=PWBH2GHHHZZB4D3U&lid=LSTPWBH2GHHHZZB4D3UYLB8AB&marketplace=FLIPKART&store=tyy%2F4mr%2Ffu6&srno=b_1_3&otracker=browse&fm=neo%2Fmerchandising&iid=en_M9zgO-jhDfFE2n9GAer5C8fox57IHmCq63sLcFgDUt-oN-6rAebP8Y7nOprILIUWe3Y8dhgHMdVaW0BpJ5dW4jvVmqpQFyvzfAWn-217n9knSNaBvDQsUjXWZpfOQxse&ppt=browse&ppn=browse&ssid=7ov3qapx800000001787002767295&ov_redirect=true&ov_redirect=true,https://www.flipkart.com/mi-10000-mah-22-5-w-power-bank/product-reviews/itm0bbd6e648368b?pid=PWBH2GHHHZZB4D3U&lid&marketplace=FLIPKART
PWBH3VWYZDWTYBYS,Chinmoy,25516,https://www.flipkart.com/mi-20000-mah-33-w-power-bank/p/itme2dae8e64d942?pid=PWBH3VWYZDWTYBYS&lid=LSTPWBH3VWYZDWTYBYSUBRFWM&marketplace=FLIPKART&store=tyy%2F4mr%2Ffu6&srno=b_1_2&otracker=browse&fm=neo%2Fmerchandising&iid=en_M9zgO-jhDfFE2n9GAer5C8fox57IHmCq63sLcFgDUt-SvDEILvZhkBGy8DrzZ5-RN_xxH79eCpfd8q7UNEK1tqVamqHVxodJFE1buwqgK_3Q0t1t08X1V9jZplSfbi11&ppt=browse&ppn=browse&ssid=7ov3qapx800000001787002767295&ov_redirect=true&ov_redirect=true,https://www.flipkart.com/mi-20000-mah-33-w-power-bank/product-reviews/itme2dae8e64d942?pid=PWBH3VWYZDWTYBYS&lid&marketplace=FLIPKART
PWBH47ZDKZSZKJ3G,Chinmoy,1944,https://www.flipkart.com/boat-20000-mah-22-5-w-compact-pocket-size-power-bank/p/itma9b33d5c2eb51?pid=PWBH47ZDKZSZKJ3G&lid=LSTPWBH47ZDKZSZKJ3GDD6EF6&marketplace=FLIPKART&store=tyy%2F4mr%2Ffu6&srno=b_1_11&otracker=browse&fm=neo%2Fmerchandising&iid=en_M9zgO-jhDfFE2n9GAer5C8fox57IHmCq63sLcFgDUt_t-GCP1yyubUOBZbG71pMrsqdzJNodIlULvfVTp7g951uR-qZ1DVImoHZUsPtaJ-gnSNaBvDQsUjXWZpfOQxse&ppt=browse&ppn=browse&ssid=7ov3qapx800000001787002767295&ov_redirect=true&ov_redirect=true,https://www.flipkart.com/boat-20000-mah-22-5-w-compact-pocket-size-power-bank/product-reviews/itma9b33d5c2eb51?pid=PWBH47ZDKZSZKJ3G&lid&marketplace=FLIPKART
SARHPM7PDKCH6MRN,Komol,188,https://www.flipkart.com/anishi-fab-embroidered-bollywood-silk-blend-tissue-saree/p/itmfe3d180fe46c3?pid=SARHPM7PDKCH6MRN&lid=LSTSARHPM7PDKCH6MRNCUQOK7&marketplace=FLIPKART&store=clo&srno=b_1_7&otracker=browse&fm=organic&iid=bc99d84d-6fae-4bb9-afb7-834bda069f4e.SARHPM7PDKCH6MRN.SEARCH&ppt=browse&ppn=browse&ssid=uvafkoi9cw0000001786999861414&ov_redirect=true,https://www.flipkart.com/anishi-fab-embroidered-bollywood-silk-blend-tissue-saree/product-reviews/itmfe3d180fe46c3?pid=SARHPM7PDKCH6MRN&lid=LSTSARHPM7PDKCH6MRNCUQOK7&marketplace=FLIPKART
SHTEXVKRVCVYGJHK,Komol,250,https://www.flipkart.com/roadster-men-checkered-casual-dark-blue-grey-shirt/p/itmf3x5fpp8ngrex?pid=SHTEXVKRVCVYGJHK&lid=LSTSHTEXVKRVCVYGJHKG929ZJ&marketplace=FLIPKART&pageUID=1786998993592,https://www.flipkart.com/roadster-men-checkered-casual-dark-blue-grey-shirt/product-reviews/itmf3x5fpp8ngrex?pid=SHTEXVKRVCVYGJHK&lid=LSTSHTEXVKRVCVYGJHKG929ZJ&marketplace=FLIPKART
SHTGG22FYPH9YTF2,Komol,400,https://www.flipkart.com/indian-garage-co-men-checkered-casual-blue-shirt/p/itm43296bd2cbe36?pid=SHTGG22FYPH9YTF2&lid=LSTSHTGG22FYPH9YTF2HFZ5UA&marketplace=FLIPKART&store=clo%2Fash%2Faxc&srno=b_1_29&otracker=browse&fm=organic&iid=551edfef-868a-414a-8ddf-50bee5b4012b.SHTGG22FYPH9YTF2.SEARCH&ppt=browse&ppn=browse&ov_redirect=true,https://www.flipkart.com/indian-garage-co-men-checkered-casual-blue-shirt/product-reviews/itm43296bd2cbe36?pid=SHTGG22FYPH9YTF2&lid=LSTSHTGG22FYPH9YTF2HFZ5UA&marketplace=FLIPKART
SHTGWS2HJW3QYVYJ,Komol,10,https://www.flipkart.com/raymond-men-self-design-formal-green-shirt/p/itm40135f8eaf680?pid=SHTGWS2HJW3QYVYJ&lid=LSTSHTGWS2HJW3QYVYJJH1ISR&hl_lid=&marketplace=FLIPKART&fm=eyJ3dHAiOiJyZWNvIiwicHJwdCI6InBwIiwibWlkIjoicHJvZHVjdFJlY29tbWVuZGF0aW9uL3NpbWlsYXIifQ%3D%3D&pageUID=1786999037447,https://www.flipkart.com/raymond-men-self-design-formal-green-shirt/product-reviews/itm40135f8eaf680?pid=SHTGWS2HJW3QYVYJ&lid=LSTSHTGWS2HJW3QYVYJJH1ISR&marketplace=FLIPKART
SHTHD2KH4FXWCTC7,Komol,90,https://www.flipkart.com/allen-solly-men-solid-casual-white-shirt/p/itm9d6de29cbbd84?pid=SHTHD2KH4FXWCTC7&lid=LSTSHTHD2KH4FXWCTC7UCIJQM&marketplace=FLIPKART&store=clo%2Fash%2Faxc&spotlightTagId=default_BestsellerId_clo%2Fash%2Faxc&srno=b_1_4&otracker=browse&fm=organic&iid=551edfef-868a-414a-8ddf-50bee5b4012b.SHTHD2KH4FXWCTC7.SEARCH&ppt=browse&ppn=browse&ssid=8y3y6z5ctc0000001786998908678&ov_redirect=true,https://www.flipkart.com/allen-solly-men-solid-casual-white-shirt/product-reviews/itm9d6de29cbbd84?pid=SHTHD2KH4FXWCTC7&lid=LSTSHTHD2KH4FXWCTC7UCIJQM&marketplace=FLIPKART
SOCHZY7XESNBSB4P,Komol,72,https://www.flipkart.com/bahuzo-men-color-block-graphic-print-ankle-length/p/itm2f989c2b0f932?pid=SOCHZY7XESNBSB4P&lid=LSTSOCHZY7XESNBSB4PLIADJA&marketplace=FLIPKART&store=clo&srno=b_1_4&otracker=browse&fm=organic&iid=bc99d84d-6fae-4bb9-afb7-834bda069f4e.SOCHZY7XESNBSB4P.SEARCH&ppt=browse&ppn=browse&ssid=uvafkoi9cw0000001786999861414&ov_redirect=true,https://www.flipkart.com/bahuzo-men-color-block-graphic-print-ankle-length/product-reviews/itm2f989c2b0f932?pid=SOCHZY7XESNBSB4P&lid=LSTSOCHZY7XESNBSB4PLIADJA&marketplace=FLIPKART
TROH83MYGDDFFCV5,Komol,15,https://www.flipkart.com/maleno-slim-fit-men-light-green-trousers/p/itmb4040b62478f5?pid=TROH83MYGDDFFCV5&lid=LSTTROH83MYGDDFFCV5DXWUUG&marketplace=FLIPKART&store=clo&srno=b_1_19&otracker=browse&fm=organic&iid=399145ae-d764-4d3a-9374-d3a72aa6276f.TROH83MYGDDFFCV5.SEARCH&ppt=browse&ppn=browse&ov_redirect=true,https://www.flipkart.com/maleno-slim-fit-men-light-green-trousers/product-reviews/itmb4040b62478f5?pid=TROH83MYGDDFFCV5&lid=LSTTROH83MYGDDFFCV5DXWUUG&marketplace=FLIPKART
TROHCGKMRC5PGCGY,Komol,428,https://www.flipkart.com/indiclub-relaxed-men-cream-trousers/p/itme8c3b7cb39f30?pid=TROHCGKMRC5PGCGY&lid=LSTTROHCGKMRC5PGCGYOYDKDO&marketplace=FLIPKART&store=clo&srno=b_1_29&otracker=browse&fm=organic&iid=399145ae-d764-4d3a-9374-d3a72aa6276f.TROHCGKMRC5PGCGY.SEARCH&ppt=browse&ppn=browse&ov_redirect=true,https://www.flipkart.com/indiclub-relaxed-men-cream-trousers/product-reviews/itme8c3b7cb39f30?pid=TROHCGKMRC5PGCGY&lid=LSTTROHCGKMRC5PGCGYOYDKDO&marketplace=FLIPKART
TROHFUVXWGFHFKUY,Komol,74,https://www.flipkart.com/broadstar-straight-fit-men-beige-trousers/p/itm1805338c7649c?pid=TROHFUVXWGFHFKUY&lid=LSTTROHFUVXWGFHFKUYTONJYZ&marketplace=FLIPKART&store=clo&srno=b_1_4&otracker=browse&fm=organic&iid=399145ae-d764-4d3a-9374-d3a72aa6276f.TROHFUVXWGFHFKUY.SEARCH&ppt=browse&ppn=browse&ssid=lzr2idrwr40000001786998338245&ov_redirect=true,https://www.flipkart.com/broadstar-straight-fit-men-beige-trousers/product-reviews/itm1805338c7649c?pid=TROHFUVXWGFHFKUY&lid=LSTTROHFUVXWGFHFKUYTONJYZ&marketplace=FLIPKART
TROHGDYNK94NKXZY,Komol,240,https://www.flipkart.com/chartou-regular-fit-men-multicolor-trousers/p/itm1d5a4ec73f29a?pid=TROHGDYNK94NKXZY&lid=LSTTROHGDYNK94NKXZYKZF2FY&marketplace=FLIPKART&pageUID=1786999122226,https://www.flipkart.com/chartou-regular-fit-men-multicolor-trousers/product-reviews/itm1d5a4ec73f29a?pid=TROHGDYNK94NKXZY&lid=LSTTROHGDYNK94NKXZYKZF2FY&marketplace=FLIPKART
TROHGJA9Y4VSZBHS,Komol,310,https://www.flipkart.com/indiclub-regular-fit-men-beige-trousers/p/itm11de6a8400133?pid=TROHGJA9Y4VSZBHS&lid=LSTTROHGJA9Y4VSZBHSTETL6P&marketplace=FLIPKART&store=clo&srno=b_1_14&otracker=browse&fm=organic&iid=399145ae-d764-4d3a-9374-d3a72aa6276f.TROHGJA9Y4VSZBHS.SEARCH&ppt=browse&ppn=browse&ov_redirect=true,https://www.flipkart.com/indiclub-regular-fit-men-beige-trousers/product-reviews/itm11de6a8400133?pid=TROHGJA9Y4VSZBHS&lid=LSTTROHGJA9Y4VSZBHSTETL6P&marketplace=FLIPKART
TROHKVZZ6TJNGCR4,Komol,68,https://www.flipkart.com/metronaut-regular-fit-men-beige-trousers/p/itm776cdb7b04c7e?pid=TROHKVZZ6TJNGCR4&lid=LSTTROHKVZZ6TJNGCR4M8YGH7&marketplace=FLIPKART&store=clo&srno=b_1_16&otracker=browse&fm=organic&iid=399145ae-d764-4d3a-9374-d3a72aa6276f.TROHKVZZ6TJNGCR4.SEARCH&ppt=browse&ppn=browse&ov_redirect=true,https://www.flipkart.com/metronaut-regular-fit-men-beige-trousers/product-reviews/itm776cdb7b04c7e?pid=TROHKVZZ6TJNGCR4&lid=LSTTROHKVZZ6TJNGCR4M8YGH7&marketplace=FLIPKART
VESGWV8PNPBFS39Y,Komol,2583,https://www.flipkart.com/dollar-men-vest/p/itmbf8ff150efe5d?pid=VESGWV8PNPBFS39Y&store=clo&spotlightTagId=default_BestsellerId_clo&srno=b_1_24&otracker=browse&fm=organic&iid=bc99d84d-6fae-4bb9-afb7-834bda069f4e.VESGWV8PNPBFS39Y.SEARCH&ppt=browse&ppn=browse&ssid=uvafkoi9cw0000001786999861414&ov_redirect=true,https://www.flipkart.com/dollar-men-vest/product-reviews/itmbf8ff150efe5d?pid=VESGWV8PNPBFS39Y&lid=LSTVESGWV8PNPBFS39YJZTWEE&aid=overall&certifiedBuyer=false&sortOrder=NEGATIVE_FIRST&pageUID=1786999997152
